"id_doorvaart";"regel";"van";"naar";"maat";"aantal";"soort";"muntsoort1";"bedrag1";"muntsoort2";"bedrag2";"muntsoort3";"bedrag3";"maat_alt";"aantal_alt";"hulp"
"1016705";"1";"Cork";"Kiøbenhavn";"-";"-";"Ballast";"";"";"";"";"";"";"";"";""
"1016742";"1";"Tronhiem";"Kiobenhavn";"Endeel";"-";"Tran og sild";"";"";"";"";"";"";"";"";""
"1016742";"2";"Tronhiem";"Kiobenhavn";"Pund";"2341";"Caffe";"Daler";"11 1/2";"Skilling";"10";"";"";"";"";""
"1016757";"1";"Christiansand";"Kiobenhavn";"-";"-";"Ballast";"";"";"";"";"";"";"";"";""
"1016774";"1";"Riga";"Arendahl";"Skippund";"281";"Hamp";"";"";"";"";"";"";"";"";""
"1016774";"2";"Riga";"Arendahl";"Lispund";"14";"Hamp";"";"";"";"";"";"";"";"";""
"1016774";"3";"Riga";"Arendahl";"Skippund";"10";"Blaar";"";"";"";"";"";"";"";"";""
"1016774";"4";"Riga";"Arendahl";"Lispund";"19";"Blaar";"";"";"";"";"";"";"";"";""
"1016774";"5";"Riga";"Arendahl";"Skippund";"1";"Fiin hør";"";"";"";"";"";"";"";"";""
"1016774";"6";"Riga";"Arendahl";"Lispund";"1";"Fiin hør";"";"";"";"";"";"";"";"";""
"1016774";"7";"Riga";"Arendahl";"Pund";"12";"Fiin hør";"";"";"";"";"";"";"";"";""
"1016813";"1";"Christiansand";"Kiobenhavn";"-";"-";"Fiskvare";"";"";"";"";"";"";"";"";""
"1016826";"1";"Christiansand";"Kiøbenhavn";"-";"-";"Fiskvare";"";"";"";"";"";"";"";"";""
"1016834";"1";"Drammen";"Kiobenhavn";"-";"-";"Trælast m. m.";"";"";"";"";"";"";"";"";""
"1016846";"1";"Yarmouth";"Kiobenhavn";"-";"-";"Ballast";"";"";"";"";"";"";"";"";""
"1016853";"1";"Yarmouth";"Kiøbenhavn";"-";"-";"Ballast";"";"";"";"";"";"";"";"";""
"1016857";"1";"Kiobenhavn";"Dramen";"-";"-";"Kornvare m. m.";"";"";"";"";"";"";"";"";""
"1016873";"1";"Kiøbenhavn";"Dramen";"-";"-";"Kornvare m. m.";"";"";"";"";"";"";"";"";""
"1016878";"1";"Kiobenhavn";"Aalborg og Island";"-";"-";"Cargaison og Provision";"";"";"";"";"";"";"";"";""
"1016891";"1";"Kiøbenhavn";"Randers og Island";"-";"-";"Cargaison";"";"";"";"";"";"";"";"";""
"1016904";"1";"Mandahl";"Kiobenhavn";"Partie";"-";"Fresk lax";"";"";"";"";"";"";"";"";""
"1016922";"1";"Kiøbenhavn";"Island";"-";"-";"Cargaison og provision";"";"";"";"";"";"";"";"";""
"1016930";"1";"Kiøbenhavn";"Island";"-";"-";"Cargaison og provision";"";"";"";"";"";"";"";"";""
"1016936";"1";"Kiobenhavn";"Island";"-";"-";"Cargaison og provision";"";"";"";"";"";"";"";"";""
"1016949";"1";"Helsingøer";"Mandahl";"Pund";"32";"Tobak";"";"";"";"";"";"";"";"";""
"1016949";"2";"Helsingøer";"Mandahl";"Stk.";"4";"Lærret";"";"";"";"";"";"";"";"";""
"1016962";"1";"Christiansand";"Kiobenhavn";"-";"-";"Brædeog røget lax";"";"";"";"";"";"";"";"";""
"1016972";"1";"Kiøbenhavn";"Aalborg og Island";"-";"-";"Cargaison";"";"";"";"";"";"";"";"";""
"1017005";"1";"Kiøbenhavn";"Christiansand";"-";"-";"Ballast m. m.";"";"";"";"";"";"";"";"";""
"1017017";"1";"Christiansand";"Kiøbenhavn";"Partie";"-";"Bræde og brænde";"";"";"";"";"";"";"";"";""
"1017032";"1";"Christiansand";"Kiobenhavn";"Partie";"-";"Sojet lax";"";"";"";"";"";"";"";"";""
"1017041";"1";"Kiobenhavn";"Christiansand";"Lidet partie";"-";"Tobak og widern";"";"";"";"";"";"";"";"";""
"1017053";"1";"Leith";"Kiøbenhavn";"-";"-";"Ballast";"";"";"";"";"";"";"";"";""
"1017060";"1";"Gothenborg";"Kiobenhavn";"Pund";"2623";"Jernplader";"Daler";"1/2";"Skilling";"15";"";"";"";"";""
"1017060";"2";"Gothenborg";"Kiobenhavn";"Lispund";"190";"Søm";"";"";"";"";"";"";"";"";""
"1017060";"3";"Gothenborg";"Kiobenhavn";"Pund";"4";"Søm";"Daler";"2";"Skilling";"19";"";"";"";"";""
"1017060";"4";"Gothenborg";"Kiobenhavn";"Tønde";"106";"Tiern";"Daler";"3";"Skilling";"15";"";"";"";"";""
"1017060";"5";"Gothenborg";"Kiobenhavn";"Tylt";"52 1/2";"Fihre planker";"Daler";"10 1/2";"";"";"";"";"";"";""
"1017070";"1";"Christiania";"Petersborg";"-";"-";"Ballast";"";"";"";"";"";"";"";"";""
"1017075";"1";"Kiøbenhavn";"Christiansand";"-";"-";"Kornvare m. m.";"";"";"";"";"";"";"";"";""
"1017080";"1";"Dramen";"Riga";"Tønder";"90";"Steenkull";"";"";"";"";"";"";"";"";""
"1017080";"2";"Dramen";"Riga";"Læster";"3";"Sild";"";"";"";"";"";"";"";"";""
"1017080";"3";"Dramen";"Riga";"Moyen";"50";"Tøgfisk";"";"";"";"";"";"";"";"";""
"1017131";"1";"Christiania";"Flensborg";"-";"-";"Trælast m. m.";"";"";"";"";"";"";"";"";""
"1017140";"1";"Kiøbenhavn";"Tronhiem";"Partie";"-";"Byg";"";"";"";"";"";"";"";"";""
"1017146";"1";"Rostock";"Christiania";"Læster";"31";"Malt";"Daler";"11 1/2";"Skilling";"6";"";"";"";"";""
"1017157";"1";"Kiøbenhavn";"Gothenborg";"-";"-";"Ballast";"";"";"";"";"";"";"";"";""
"1017157";"2";"Kiøbenhavn";"Gothenborg";"Pund";"40";"Caffe";"Skilling";"10";"";"";"";"";"";"";""
"1017164";"1";"Langesund";"Callundborg";"Partie";"-";"Trælast m. m.";"";"";"";"";"";"";"";"";""
"1017175";"1";"Friderichshald";"Kiøge";"-";"-";"Trælast m. m.";"";"";"";"";"";"";"";"";""
"1017183";"1";"Kragerøe";"Kiøbenhavn";"-";"-";"Ballast";"";"";"";"";"";"";"";"";""
"1017191";"1";"Kiobenhavn";"Tronhiem";"Partie";"-";"Byg m. m.";"";"";"";"";"";"";"";"";""
"1017198";"1";"Stettin";"Moss";"Læster";"16";"Rug";"Daler";"8";"";"";"";"";"";"";""
"1017209";"1";"Rostock";"Christiania";"Læster";"28";"Byg";"";"";"";"";"";"";"";"";""
"1017209";"2";"Rostock";"Christiania";"Schefl.";"24";"Byg";"Daler";"14";"Skilling";"14";"";"";"";"";""
"1017209";"3";"Rostock";"Christiania";"Læster";"14";"Havre";"Daler";"3 1/2";"";"";"";"";"";"";""
"1017209";"4";"Rostock";"Christiania";"Læster";"4";"Erter";"Daler";"1";"";"";"";"";"";"";""
"1017220";"1";"Kiøbenhavn";"Christiansand";"-";"-";"Ballast";"";"";"";"";"";"";"";"";""
"1017227";"1";"Kiøbenhavn";"Callundborg og Christiania";"-";"-";"Ballast og videre";"";"";"";"";"";"";"";"";""
"1017237";"1";"Friderichshald";"Nyborg";"Ladning";"-";"Trælast m. m.";"";"";"";"";"";"";"";"";""
"1017237";"2";"Friderichshald";"Nyborg";"Cent.";"7";"Søm";"Daler";"1/2";"Skilling";"4";"";"";"";"";""
"1017237";"3";"Friderichshald";"Nyborg";"Pund";"2686";"Caffe";"Daler";"13";"Skilling";"21";"";"";"";"";""
"1017254";"1";"Kiobenhavn";"Christiania";"-";"-";"Kornvare";"";"";"";"";"";"";"";"";""
"1017261";"1";"Kiøbenhavn";"Christiania";"Partie";"-";"Byg m. m.";"";"";"";"";"";"";"";"";""
"1017267";"1";"Kiobenhavn";"Christiansand";"Partie";"-";"Byg m. m.";"";"";"";"";"";"";"";"";""
"1017272";"1";"Helsingøer";"Kragerøe";"Tønder";"255";"Rug";"Daler";"6";"Skilling";"18";"";"";"";"";""
"1017272";"2";"Helsingøer";"Kragerøe";"Tønder";"62";"Malt";"Daler";"1";"Skilling";"8";"";"";"";"";""
"1017278";"1";"London sidst fra Gottenborg";"Rostock";"Ste.";"118";"Catuner";"Daler";"4 1/2";"Skilling";"6";"";"";"";"";""
"1017278";"2";"London sidst fra Gottenborg";"Rostock";"Pund";"32889";"Bomuldtsgarn";"Daler";"411";"Skilling";"6";"";"";"";"";""
"1017278";"3";"London sidst fra Gottenborg";"Rostock";"Pund";"17945";"Caffe";"Daler";"89 1/2";"Skilling";"12";"";"";"";"";""
"1017278";"4";"London sidst fra Gottenborg";"Rostock";"Ste.";"155";"Gage";"";"";"";"";"";"";"";"";""
"1017278";"5";"London sidst fra Gottenborg";"Rostock";"Ste.";"28";"Tylt";"";"";"";"";"";"";"";"";""
"1017278";"6";"London sidst fra Gottenborg";"Rostock";"Ste.";"107";"Kniplenger";"Daler";"82";"";"";"";"";"Rd";"8198";"Kniplenger werd 8198 Rd."
"1017304";"1";"London sidst fra Gottenborg";"Rostock";"Ste.";"332";"Manscherne";"Daler";"62";"Skilling";"12";"";"";"";"";""
"1017304";"2";"London sidst fra Gottenborg";"Rostock";"Ste.";"1366";"Velverts";"Daler";"128";"Skilling";"3";"";"";"";"";""
"1017304";"3";"London sidst fra Gottenborg";"Rostock";"Ste.";"32";"Kastanen";"Daler";"1";"Skilling";"12";"";"";"";"";""
"1017304";"4";"London sidst fra Gottenborg";"Rostock";"Par";"553";"Silke stromper";"Daler";"28 1/2";"Skilling";"15";"";"";"";"";""
"1017304";"5";"London sidst fra Gottenborg";"Rostock";"Ste.";"1556";"Forklædetoy";"Daler";"4 1/2";"Skilling";"17";"";"";"";"";""
"1017304";"6";"London sidst fra Gottenborg";"Rostock";"Ste.";"135";"Sars";"Daler";"3 1/2";"Skilling";"1";"";"";"";"";""
"1017304";"7";"London sidst fra Gottenborg";"Rostock";"Ste.";"88";"Ord. klæde";"Daler";"4";"Skilling";"6";"";"";"";"";""
"1017304";"8";"London sidst fra Gottenborg";"Rostock";"Ste.";"787";"Sirtz";"Daler";"30 1/2";"Skilling";"12";"";"";"";"";""
"1017304";"9";"London sidst fra Gottenborg";"Rostock";"Ste.";"21976";"Bomuldsgarn";"Daler";"274 1/2";"Skilling";"10";"";"";"";"";""
"1017304";"10";"London sidst fra Gottenborg";"Rostock";"Ste.";"73";"Madras";"";"";"";"";"";"";"";"";""
"1017304";"11";"London sidst fra Gottenborg";"Rostock";"Ste.";"19";"Veske tøy";"";"";"";"";"";"";"";"";""
"1017304";"12";"London sidst fra Gottenborg";"Rostock";"Ste.";"13";"Tylt";"";"";"";"";"";"";"";"";""
"1017304";"13";"London sidst fra Gottenborg";"Rostock";"Ste.";"211";"Lour tørklæder";"Daler";"93";"Skilling";"4";"";"";"";"";""
"1017418";"1";"Kiøbenhavn";"Dramen";"Ladning";"-";"Byg";"";"";"";"";"";"";"";"";""
"1017424";"1";"Kiobenhavn";"Langesund";"Ladning";"-";"Byg";"";"";"";"";"";"";"";"";""
"1017430";"1";"Kiøbenhavn";"Halmstad";"-";"-";"Ballast";"";"";"";"";"";"";"";"";""
"1017437";"1";"Kiobenhavn";"Dramen";"Partie";"-";"Byg";"";"";"";"";"";"";"";"";""
"1017445";"1";"Kiøbenhavn";"Christiania";"Ladning";"-";"Byg";"";"";"";"";"";"";"";"";""
"1017450";"1";"Kiobenhavn";"Østerresøen";"-";"-";"Ballast";"";"";"";"";"";"";"";"";""
"1017457";"1";"Arendahl";"Kiobenhavn";"Partie";"-";"Bræder m. m.";"";"";"";"";"";"";"";"";""
"1017457";"2";"Arendahl";"Kiobenhavn";"Pund";"1100";"Caffe";"Daler";"5 1/2";"";"";"";"";"";"";""
"1017462";"1";"Kiøbenhavn";"Porsgrund";"Ladning";"-";"Byg";"";"";"";"";"";"";"";"";""
"1017469";"1";"Halmstad";"Rostock";"Skippund";"101 1/2";"Stang jern";"Daler";"8";"Skilling";"22";"";"";"";"";""
"1017469";"2";"Halmstad";"Rostock";"Tylter";"25";"Ord. bræder";"Skilling";"11";"";"";"";"";"";"";""
"1017482";"1";"Gothenborg";"Rostock";"Pund";"69043";"Sukker";"Daler";"129";"Skilling";"22";"";"";"";"";""
"1017489";"1";"Kiøbenhavn";"Friderichshald";"Partie";"-";"Byg m. m.";"";"";"";"";"";"";"";"";""
"1023429";"1";"Engeland";"Kønigsberg";"-";"-";"Sukker raffinaderie";"";"";"";"";"";"";"";"";""
"1023429";"2";"Engeland";"Kønigsberg";"Pund";"231991";"Sukker";"Daler";"435";"";"";"";"";"";"";""
"1023461";"1";"Hamborg";"Petersborg";"-";"-";"Ballast";"";"";"";"";"";"";"";"";""
"1023469";"1";"Aalborg";"Petersborg";"-";"-";"Ballast";"";"";"";"";"";"";"";"";""
"1023475";"1";"Embden";"Riga";"-";"-";"Ballast";"";"";"";"";"";"";"";"";""
"1023475";"2";"Embden";"Riga";"Rd.";"125";"Tagsteen";"Daler";"1 1/2";"Skilling";"6";"";"";"";"";""
"1023479";"1";"Aalborg";"Riga";"-";"-";"Ballast";"";"";"";"";"";"";"";"";""
"1023487";"1";"Aalborg";"Petersborg";"-";"-";"Ballast";"";"";"";"";"";"";"";"";""
"1023502";"1";"Christiansand";"Stolpemunde";"-";"-";"Ballast";"";"";"";"";"";"";"";"";""
"1023509";"1";"Petersborg";"Boston i Amc.";"Skippund";"1070";"Stang jern";"Daler";"89";"Skilling";"8";"";"";"";"";""
"1023509";"2";"Petersborg";"Boston i Amc.";"Skippund";"2059";"Hamp";"Daler";"343";"Skilling";"13";"";"";"";"";""
"1023526";"1";"Rostock";"Bremen";"Læster";"84";"Rug";"Daler";"50";"Skilling";"20";"";"";"Læst";"100 4/5";"Rug augment 100 4/5 læst."
"1023539";"1";"Bergen";"Petersborg";"-";"-";"Ballast";"";"";"";"";"";"";"";"";""
"1023552";"1";"Boston (i Am.?)";"Petersborg";"Pund";"142406";"Sukker";"Daler";"267";"Skilling";"1";"";"";"";"";""
"1023552";"2";"Boston (i Am.?)";"Petersborg";"Pund";"71412";"Riis etc.";"Daler";"66 1/2";"Skilling";"22";"";"";"";"";""
"1023552";"3";"Boston (i Am.?)";"Petersborg";"Pund";"49949";"Caffe";"Daler";"249 1/2";"Skilling";"12";"";"";"";"";""
"1023552";"4";"Boston (i Am.?)";"Petersborg";"Pund";"11200";"Stokf. holt";"Daler";"8 1/2";"Skilling";"12";"";"";"";"";""
"1023552";"5";"Boston (i Am.?)";"Petersborg";"Oxhd.";"16 1/5";"Rum";"Daler";"8";"Skilling";"5";"";"";"";"";""
"1023561";"1";"Baltimore i Amc.";"Kønigsberg";"Pund";"91424";"Sukker";"Daler";"171";"Skilling";"21";"";"";"";"";""
"1023561";"2";"Baltimore i Amc.";"Kønigsberg";"Pund";"79679";"Caffe";"Daler";"398";"Skilling";"19";"";"";"";"";""
"1023561";"3";"Baltimore i Amc.";"Kønigsberg";"Pund";"7932";"Indigo etc.";"Daler";"59 1/2";"";"";"";"";"";"";""
"1023561";"4";"Baltimore i Amc.";"Kønigsberg";"Pund";"3389";"Peber";"Daler";"8";"Skilling";"23";"";"";"";"";""
"1023561";"5";"Baltimore i Amc.";"Kønigsberg";"Pund";"44240";"Stokf. holt";"Daler";"34";"Skilling";"27";"";"";"";"";""
"1023561";"6";"Baltimore i Amc.";"Kønigsberg";"Rd.";"5878";"Suchong the og Nankiner";"Daler";"73";"Skilling";"23";"";"";"";"";""
"1023585";"1";"Rostock";"Bremen";"Læster";"90";"Rug";"Daler";"54";"";"";"";"";"Læster";"108";"Rug augmt. 108 læster"
"1023593";"1";"Philadelphia i Amc.";"Kiel";"Pund";"472856";"Sukker";"Daler";"886 1/2";"Skilling";"6";"";"";"";"";""
"1023593";"2";"Philadelphia i Amc.";"Kiel";"Pund";"24756";"Caffe";"Daler";"123 1/2";"Skilling";"14";"";"";"";"";""
"1023593";"3";"Philadelphia i Amc.";"Kiel";"Pund";"55347";"Bomuld";"Daler";"207 1/2";"Skilling";"1";"";"";"";"";""
"1023593";"4";"Philadelphia i Amc.";"Kiel";"Pund";"5548";"Indigo";"Daler";"41 1/2";"Skilling";"6";"";"";"";"";""
"1023593";"5";"Philadelphia i Amc.";"Kiel";"Pund";"44800";"Stokf. holt";"Daler";"35";"";"";"";"";"";"";""
"1023593";"6";"Philadelphia i Amc.";"Kiel";"Oxhd.";"25 5/6";"Sirop";"Daler";"9 1/2";"Skilling";"9";"";"";"";"";""
"1023593";"7";"Philadelphia i Amc.";"Kiel";"Rd.";"4188";"Congo the og cacao";"Daler";"52";"Skilling";"17";"";"";"";"";""
"1023608";"1";"Lissabon";"Stolpe";"-";"-";"Ballast";"";"";"";"";"";"";"";"";""
"1023613";"1";"Riga";"Rotterdam";"Skippund";"640";"Fiin hør";"Daler";"160";"";"";"";"";"";"";""
"1023613";"2";"Riga";"Rotterdam";"Skippund";"45";"Ord. hør";"";"";"";"";"";"";"";"";""
"1023613";"3";"Riga";"Rotterdam";"Lispund";"10 1/8";"Ord. hør";"Daler";"7 1/2";"Skilling";"5";"";"";"";"";""
"1023613";"4";"Riga";"Rotterdam";"Tønder";"300";"Hørfrøe";"Daler";"9";"Skilling";"18";"";"";"";"";""
"1023613";"5";"Riga";"Rotterdam";"Stk.";"385";"Ravndug";"Daler";"6";"Skilling";"1";"";"";"";"";""
"1023626";"1";"Baltimore i Amc.";"Petersborg";"Pund";"80325";"Sukker";"Daler";"150 1/2";"Skilling";"6";"";"";"";"";""
"1023626";"2";"Baltimore i Amc.";"Petersborg";"Pund";"189509";"Caffe";"Daler";"947 1/2";"Skilling";"3";"";"";"";"";""
"1023626";"3";"Baltimore i Amc.";"Petersborg";"Pund";"4906";"Indigo";"Daler";"36 1/2";"Skilling";"15";"";"";"";"";""
"1023635";"1";"Bremen";"Riga";"-";"-";"Ballast";"";"";"";"";"";"";"";"";""
"1023643";"1";"Tønningen";"Petersborg";"-";"-";"Ballast";"";"";"";"";"";"";"";"";""
"1023649";"1";"Kiøbenhavn";"Gothenborg";"-";"-";"Ballast";"";"";"";"";"";"";"";"";""
"1023653";"1";"Anclam";"Bergen";"Læster";"12";"Rug";"Daler";"7 1/2";"";"";"";"";"Læster";"15";"Rug augmt. 15 læster"
"1023659";"1";"Kiøbenhavn";"Gothenborg";"-";"-";"Ballast";"";"";"";"";"";"";"";"";""
"1023676";"1";"Kiøbenhavn";"Gothenborg";"-";"-";"Ballast";"";"";"";"";"";"";"";"";""
"1023684";"1";"Salem i Amc.";"Stockholm";"Pund";"170634";"Toback";"Daler";"319 1/2";"Skilling";"22";"";"";"";"";""
"1023684";"2";"Salem i Amc.";"Stockholm";"Pund";"58964";"Ingefær etc.";"Daler";"147";"Skilling";"20";"";"";"";"";""
"1023684";"3";"Salem i Amc.";"Stockholm";"Pund";"236";"Indigo";"Daler";"1 1/2";"Skilling";"14";"";"";"";"";""
"1023694";"1";"Aalborg";"Riga";"-";"-";"Ballast";"";"";"";"";"";"";"";"";""
"1023699";"1";"Aalborg";"Riga";"-";"-";"Ballast";"";"";"";"";"";"";"";"";""
"1023701";"1";"Aalborg";"Riga";"-";"-";"Ballast";"";"";"";"";"";"";"";"";""
"1023717";"1";"Aalborg";"Riga";"Rd.";"150";"Tagsteen";"Daler";"1 1/2";"Skilling";"18";"";"";"";"";""
"1023717";"2";"Aalborg";"Riga";"Skippund";"2";"Ost";"Skilling";"8";"";"";"";"";"";"";""
"1023727";"1";"Beverley i Amc.";"Kiel";"Pund";"15619";"Sukker";"Daler";"29";"Skilling";"14";"";"";"";"";""
"1023727";"2";"Beverley i Amc.";"Kiel";"Pund";"27967";"Caffe";"Daler";"139 1/2";"Skilling";"17";"";"";"";"";""
"1023727";"3";"Beverley i Amc.";"Kiel";"Pund";"1300";"Bomuld";"Daler";"4 1/2";"Skilling";"18";"";"";"";"";""
"1023727";"4";"Beverley i Amc.";"Kiel";"Pund";"1622";"Stokf. holt";"Daler";"1";"Skilling";"13";"";"";"";"";""
"1023727";"5";"Beverley i Amc.";"Kiel";"Pund";"91251";"Peber";"Daler";"228";"Skilling";"7";"";"";"";"";""
"1023727";"6";"Beverley i Amc.";"Kiel";"Rd.";"1195";"Bark";"Daler";"14 1/2";"Skilling";"21";"";"";"";"";""
"1023727";"7";"Beverley i Amc.";"Kiel";"Pund";"1000";"Caffe";"Daler";"5";"";"";"";"";"";"";""
"1023741";"1";"Grenock";"Petersborg";"-";"-";"Ballast";"";"";"";"";"";"";"";"";""
"1023746";"1";"Lissabon";"Petersborg";"Læst.";"85 5/7";"Salt";"Daler";"42 1/2";"Skilling";"18";"";"";"";"";""
"1023746";"2";"Lissabon";"Petersborg";"Kister";"664";"Frugt";"Daler";"27 1/2";"Skilling";"8";"";"";"";"";""
"1023746";"3";"Lissabon";"Petersborg";"Piibe";"62 1/2";"Wiin";"Daler";"125";"";"";"";"";"";"";""
"1023746";"4";"Lissabon";"Petersborg";"Pund";"13318";"Mandler";"Daler";"24 1/2";"Skilling";"23";"";"";"";"";""
"1023746";"5";"Lissabon";"Petersborg";"Rd.";"1450";"Kork korkpropper";"Daler";"18";"Skilling";"6";"";"";"";"";""
"1023756";"1";"Portland i Amc.";"Petersborg";"Pund";"39545";"Sukker";"Daler";"74";"Skilling";"8";"";"";"";"";""
"1023756";"2";"Portland i Amc.";"Petersborg";"Pund";"90128";"Riis";"Daler";"84 1/2";"";"";"";"";"";"";""
"1023756";"3";"Portland i Amc.";"Petersborg";"Pund";"50652";"Bomuld";"Daler";"189 1/2";"Skilling";"22";"";"";"";"";""
"1023756";"4";"Portland i Amc.";"Petersborg";"Pund";"109088";"Stokf. holt";"Daler";"85";"Skilling";"11";"";"";"";"";""
"1023756";"5";"Portland i Amc.";"Petersborg";"Skippund";"4";"Humle";"Daler";"1/2";"";"";"";"";"";"";""
"1023756";"6";"Portland i Amc.";"Petersborg";"Oxhd.";"9 1/20";"Rum";"Daler";"4 1/2";"Skilling";"2";"";"";"";"";""
"1023756";"7";"Portland i Amc.";"Petersborg";"Rd.";"4706";"Mahogany tran";"Daler";"58 1/2";"Skilling";"16";"";"";"";"";""
"1023770";"1";"Kiøbenhavn";"Christiansand";"-";"-";"Ballast";"";"";"";"";"";"";"";"";""
"1023777";"1";"Aalborg";"Østersøen";"-";"-";"Ballast";"";"";"";"";"";"";"";"";""
"1023779";"1";"Petersborg";"Rio de Janeiro";"Skippund";"198 1/2";"Stang jern";"Daler";"16 1/2";"Skilling";"2";"";"";"";"";""
"1023779";"2";"Petersborg";"Rio de Janeiro";"Skippund";"896 7/10";"Tougwærk";"Daler";"112";"Skilling";"5";"";"";"";"";""
"1023779";"3";"Petersborg";"Rio de Janeiro";"Ahmer";"58";"Lin ollie";"Daler";"5";"Skilling";"21";"";"";"";"";""
"1023779";"4";"Petersborg";"Rio de Janeiro";"Ruller";"1520";"Seildug";"Daler";"118 1/2";"Skilling";"12";"";"";"";"";""
"1023779";"5";"Petersborg";"Rio de Janeiro";"Stk.";"1500";"Ravndug";"Daler";"23";"Skilling";"21";"";"";"";"";""
"1023794";"1";"Aalborg";"Riga";"-";"-";"Ballast";"";"";"";"";"";"";"";"";""
"1023798";"1";"Aalborg";"Østersøen";"-";"-";"Ballast";"";"";"";"";"";"";"";"";""
"1023801";"1";"Tønningen";"Riga";"-";"-";"Ballast";"";"";"";"";"";"";"";"";""
"1023806";"1";"Amsterdam";"Petersborg";"-";"-";"Ballast";"";"";"";"";"";"";"";"";""
"1023810";"1";"Amsterdam";"Petersborg";"-";"-";"Ballast";"";"";"";"";"";"";"";"";""
"1023815";"1";"Amsterdam";"Petersborg";"-";"-";"Ballast";"";"";"";"";"";"";"";"";""
"1023817";"1";"Faial";"Petersborg";"-";"-";"Ballast";"";"";"";"";"";"";"";"";""
"1023818";"1";"Tønningen";"Petersborg";"-";"-";"Ballast";"";"";"";"";"";"";"";"";""
"1023820";"1";"Amsterdam";"Petersborg";"-";"-";"Ballast";"";"";"";"";"";"";"";"";""
"1023825";"1";"Tønningen";"Riga";"Stk.";"4250";"Staver";"Daler";"1";"Skilling";"6";"";"";"";"";""
"1023830";"1";"Lissabon";"Petersborg";"Kister";"7";"Frugt";"Skilling";"14";"";"";"";"";"";"";""
"1023830";"2";"Lissabon";"Petersborg";"Piibe";"25";"Wiin";"Daler";"50";"";"";"";"";"";"";""
"1023830";"3";"Lissabon";"Petersborg";"Piibe";"37";"Ollie";"Daler";"27 1/2";"Skilling";"12";"";"";"";"";""
"1023830";"4";"Lissabon";"Petersborg";"Læst.";"42 6/7";"Salt";"Daler";"21";"Skilling";"21";"";"";"";"";""
"1023830";"5";"Lissabon";"Petersborg";"Pund";"9055";"Mandler etc.";"Daler";"16 1/2";"Skilling";"23";"";"";"";"";""
"1023830";"6";"Lissabon";"Petersborg";"Rd.";"520";"Kork";"Daler";"6 1/2";"";"";"";"";"";"";""
"1023848";"1";"Boston i Amc.";"Østersøen";"Pund";"180075";"Sukker etc.";"Daler";"337 1/2";"Skilling";"7";"";"";"";"";""
"1023848";"2";"Boston i Amc.";"Østersøen";"Pund";"35352";"Caffe";"Daler";"176 1/2";"Skilling";"13";"";"";"";"";""
"1023848";"3";"Boston i Amc.";"Østersøen";"Oxhd.";"41 3/5";"Rum";"Daler";"20 1/2";"Skilling";"15";"";"";"";"";""
"1023860";"1";"Baltimore i Amc.";"Petersborg";"Pund";"133000";"Sukker";"Daler";"249";"Skilling";"18";"";"";"";"";""
"1023860";"2";"Baltimore i Amc.";"Petersborg";"Pund";"590119";"Caffe";"Daler";"2950 1/2";"Skilling";"5";"";"";"";"";""
"1023860";"3";"Baltimore i Amc.";"Petersborg";"Pund";"124296";"Peber";"Daler";"310 1/2";"Skilling";"12";"";"";"";"";""
"1023860";"4";"Baltimore i Amc.";"Petersborg";"Pund";"50425";"Indigo";"Daler";"37 1/2";"Skilling";"16";"";"";"";"";""
"1023860";"5";"Baltimore i Amc.";"Petersborg";"Rd.";"13463";"The, cacoa";"Daler";"168";"Skilling";"14";"";"";"";"";""
"1023860";"6";"Baltimore i Amc.";"Petersborg";"Pund";"22028";"Caffe";"Daler";"110";"Skilling";"7";"";"";"";"";""
"1023879";"1";"Christiansand";"Østersøen";"-";"-";"Ballast";"";"";"";"";"";"";"";"";""
"1023894";"1";"Bremen";"Østersøen";"-";"-";"Ballast";"";"";"";"";"";"";"";"";""
"1023901";"1";"Rørvig";"Dantzig";"-";"-";"Ballast";"";"";"";"";"";"";"";"";""
"1023910";"1";"St. Ubes";"Kiøbenhavn";"Læst.";"171 3/7";"Salt";"Daler";"85 1/2";"Skilling";"11";"";"";"";"";""
"1023910";"2";"St. Ubes";"Kiøbenhavn";"Casser";"50";"Frugt";"Daler";"2";"Skilling";"4";"";"";"";"";""
"1023933";"1";"Boston i Amc.";"Petersborg";"Pund";"182584";"Sukker etc.";"Daler";"342";"Skilling";"17";"";"";"";"";""
"1023933";"2";"Boston i Amc.";"Petersborg";"Pund";"141282";"Bomuld";"Daler";"529 1/2";"Skilling";"15";"";"";"";"";""
"1023933";"3";"Boston i Amc.";"Petersborg";"Pund";"10389";"Indigo";"Daler";"77 1/2";"Skilling";"21";"";"";"";"";""
"1023933";"4";"Boston i Amc.";"Petersborg";"Pund";"67695";"Caffe";"Daler";"338";"Skilling";"23";"";"";"";"";""
"1023933";"5";"Boston i Amc.";"Petersborg";"Pund";"66675";"Stokf. holt";"Daler";"52";"Skilling";"5";"";"";"";"";""
"1023946";"1";"Philadelphia";"Petersborg";"Pund";"354765";"Sukker";"Daler";"665";"Skilling";"9";"";"";"";"";""
"1023946";"2";"Philadelphia";"Petersborg";"Pund";"8049";"Bomuld";"Daler";"30";"Skilling";"9";"";"";"";"";""
"1023946";"3";"Philadelphia";"Petersborg";"Pund";"33094";"Peber";"Daler";"82 1/2";"Skilling";"12";"";"";"";"";""
"1023946";"4";"Philadelphia";"Petersborg";"Pund";"2712";"Sassaparilla";"Daler";"20";"Skilling";"17";"";"";"";"";""
"1023946";"5";"Philadelphia";"Petersborg";"Pund";"33600";"Stokf. holt";"Daler";"26";"Skilling";"12";"";"";"";"";""
"1023957";"1";"Boston i Amc.";"Østersøen";"Pund";"65714";"Tobak";"Daler";"123";"Skilling";"11";"";"";"";"";""
"1023957";"2";"Boston i Amc.";"Østersøen";"Pund";"93475";"Riis";"Daler";"87 1/2";"Skilling";"7";"";"";"";"";""
"1023957";"3";"Boston i Amc.";"Østersøen";"Pund";"12184";"Bomuld";"Daler";"45 1/2";"Skilling";"10";"";"";"";"";""
"1023957";"4";"Boston i Amc.";"Østersøen";"Pund";"11404";"Stokf. holt";"Daler";"8 1/2";"Skilling";"20";"";"";"";"";""
"1023957";"5";"Boston i Amc.";"Østersøen";"Oxhd.";"94 1/5";"Rum";"Daler";"47";"Skilling";"5";"";"";"";"";""
"1023957";"6";"Boston i Amc.";"Østersøen";"Ahmer";"204";"Tran";"Daler";"12 1/2";"Skilling";"12";"";"";"";"";""
"1023957";"7";"Boston i Amc.";"Østersøen";"Rd.";"4000";"Mahogany";"Daler";"50";"";"";"";"";"";"";""
"1023968";"1";"Petersborg";"Boston i Amc.";"Skippund";"135 2/5";"Stang jern";"Daler";"11";"Skilling";"14";"";"";"";"";""
"1023968";"2";"Petersborg";"Boston i Amc.";"Skippund";"115 3/5";"Hamp";"Daler";"19";"Skilling";"13";"";"";"";"";""
"1023968";"3";"Petersborg";"Boston i Amc.";"Stk.";"1686";"Seildug";"Daler";"131 1/2";"Skilling";"11";"";"";"";"";""
"1023968";"4";"Petersborg";"Boston i Amc.";"Stk.";"4346";"Ravndug etc.";"Daler";"67 1/2";"Skilling";"20";"";"";"";"";""
"1023997";"1";"Rotterdam";"Petersborg";"-";"-";"Ballast";"";"";"";"";"";"";"";"";""
"1024001";"1";"Gothenborg";"Østersøen";"-";"-";"Ballast";"";"";"";"";"";"";"";"";""
"1024003";"1";"Kiøbenhavn";"N. America";"Skippund";"634";"Stang jern";"";"";"";"";"";"";"";"";""
"1024003";"2";"Kiøbenhavn";"N. America";"Lispund";"8";"Stang jern";"Daler";"52 1/2";"Skilling";"18";"";"";"";"";""
"1024003";"3";"Kiøbenhavn";"N. America";"Skippund";"2000";"Hamp";"";"";"";"";"";"";"";"";""
"1024003";"4";"Kiøbenhavn";"N. America";"Lispund";"8";"Hamp";"Daler";"33";"Skilling";"16";"";"";"";"";""
"1024003";"5";"Kiøbenhavn";"N. America";"Kister";"220";"Glas";"Daler";"17";"Skilling";"9";"";"";"";"";""
"1024012";"1";"Petersborg";"Salem i Amc.";"Skippund";"189";"Stang jern";"Daler";"15 1/2";"Skilling";"12";"";"";"";"";""
"1024012";"2";"Petersborg";"Salem i Amc.";"Skippund";"141 1/5";"Hamp";"Daler";"23 1/2";"Skilling";"2";"";"";"";"";""
"1024012";"3";"Petersborg";"Salem i Amc.";"Stk.";"1200";"Seildug";"Daler";"93 1/2";"Skilling";"12";"";"";"";"";""
"1024012";"4";"Petersborg";"Salem i Amc.";"Stk.";"1800";"Ravndug etc.";"Daler";"28";"Skilling";"6";"";"";"";"";""
"1024012";"5";"Petersborg";"Salem i Amc.";"Stk.";"160";"Dreyl";"Daler";"5";"";"";"";"";"";"";""
"1024157";"1";"Baltimore i Amc.";"Petersborg";"Pund";"116346";"Caffe";"Daler";"581 1/2";"Skilling";"12";"";"";"";"";""
"1024157";"2";"Baltimore i Amc.";"Petersborg";"Pund";"80403";"Sukker";"Daler";"150 1/2";"Skilling";"13";"";"";"";"";""
"1024157";"3";"Baltimore i Amc.";"Petersborg";"Pund";"11200";"Stokf. holt";"Daler";"8 1/2";"Skilling";"12";"";"";"";"";""
"1024169";"1";"Rotterdam";"Riga";"-";"-";"Ballast";"";"";"";"";"";"";"";"";""
"1024174";"1";"Wismar";"Bergen";"Læster";"7";"Hvede";"Daler";"8 1/2";"Skilling";"12";"";"";"Læst";"8 3/4";"Hvede augmt. 8 3/4 læst."
"1024174";"2";"Wismar";"Bergen";"Læster";"7";"Rug";"Daler";"4";"Skilling";"18";"";"";"Læst";"8 3/4";"Rug augmt. 8 3/4 læst."
"1024180";"1";"Amsterdam";"Memel";"-";"-";"Ballast";"";"";"";"";"";"";"";"";""
"1024184";"1";"Pillau";"Baltimore";"Steen";"3093 3/4";"Hamp";"Daler";"51 1/2";"Skilling";"3";"";"";"";"";""
"1024184";"2";"Pillau";"Baltimore";"Stk.";"800";"Lærrer";"Daler";"25";"";"";"";"";"";"";""
"1024184";"3";"Pillau";"Baltimore";"Rd.";"435";"Børster";"Daler";"5";"Skilling";"21";"";"";"";"";""
"1024190";"1";"Dantzig";"Amsterdam";"Læster";"132";"Hvede";"Daler";"132";"";"";"";"";"";"";""
"1024195";"1";"Petersborg";"Newyorck i Amc.";"Skippund";"63";"Stang jern";"Daler";"5";"Skilling";"12";"";"";"";"";""
"1024195";"2";"Petersborg";"Newyorck i Amc.";"Skippund";"6";"Hamp";"Daler";"1";"";"";"";"";"";"";""
"1024195";"3";"Petersborg";"Newyorck i Amc.";"Ruller";"1700";"Seildug";"Daler";"132 1/2";"Skilling";"15";"";"";"";"";""
"1024195";"4";"Petersborg";"Newyorck i Amc.";"Stk.";"1320";"Ravndug";"Daler";"20 1/2";"Skilling";"6";"";"";"";"";""
"1024195";"5";"Petersborg";"Newyorck i Amc.";"Stk.";"530";"Dryl";"Daler";"16 1/2";"Skilling";"3";"";"";"";"";""
"1024195";"6";"Petersborg";"Newyorck i Amc.";"Rd.";"285";"Swiinebørster";"Daler";"3 1/2";"Skilling";"3";"";"";"";"";""
"1024204";"1";"Kiøbenhavn";"Boston i Amc.";"-";"-";"Ballast";"";"";"";"";"";"";"";"";""
"1024209";"1";"Brille";"Riga";"-";"-";"Ballast";"";"";"";"";"";"";"";"";""
"1024211";"1";"Dantzig";"Bremen";"Læster";"60";"Byg";"Daler";"30";"";"";"";"";"";"";""
"1024211";"2";"Dantzig";"Bremen";"Stk.";"40";"F. dehler";"Daler";"1/2";"";"";"";"";"";"";""
"1024278";"1";"Tønningen";"Riga";"Stk.";"60000";"Indlandsk muursteen";"";"";"";"";"";"";"";"";""
"1024284";"1";"Rostock";"Bremen";"Læst.";"41 1/2";"Byg";"Daler";"24 1/2";"Skilling";"20";"";"";"Læst";"49 4/5";"Byg augmt. 49 4/5 læst."
"1024284";"2";"Rostock";"Bremen";"Læst.";"24";"Havre";"Daler";"7";"Skilling";"10";"";"";"Læst";"28 4/5";"Havre augmt. 28 4/5 læst."
"1024284";"3";"Rostock";"Bremen";"Læst.";"1 1/2";"Hvede";"Daler";"1 1/2";"Skilling";"15";"";"";"Læst";"1 4/5";"Hvede augmt. 1 4/5 læst."
"1024298";"1";"Petersborg";"Bristol i Amc.";"Stk.";"126";"Stang jern";"Daler";"10 1/2";"";"";"";"";"";"";""
"1024298";"2";"Petersborg";"Bristol i Amc.";"Skippund";"190 1/5";"Hamp";"Daler";"31 1/2";"Skilling";"10";"";"";"";"";""
"1024298";"3";"Petersborg";"Bristol i Amc.";"Ruller";"880";"Seyldug";"Daler";"68 1/2";"Skilling";"10";"";"";"";"";""
"1024298";"4";"Petersborg";"Bristol i Amc.";"Stk.";"992";"Ravndug";"Daler";"15 1/2";"";"";"";"";"";"";""
"1024298";"5";"Petersborg";"Bristol i Amc.";"Rd.";"60";"Krammerie";"Daler";"1/2";"Skilling";"12";"";"";"";"";""
"1024307";"1";"Petersborg";"Portland i Amc.";"Ahm";"630";"Stang jern";"Daler";"52 1/2";"";"";"";"";"";"";""
"1024307";"2";"Petersborg";"Portland i Amc.";"Skippund";"630";"Hamp";"Daler";"105";"";"";"";"";"";"";""
"1024307";"3";"Petersborg";"Portland i Amc.";"Ruller";"800";"Seildug";"Daler";"62 1/2";"";"";"";"";"";"";""
"1024307";"4";"Petersborg";"Portland i Amc.";"Stk.";"1737";"Dreyl";"Daler";"54";"Skilling";"14";"";"";"";"";""
"1024307";"5";"Petersborg";"Portland i Amc.";"Stk.";"800";"Ravndug";"Daler";"13 1/2";"Skilling";"12";"";"";"";"";""
"1024325";"1";"Petersborg";"Newyorck";"Skippund";"409 1/2";"Stang jern";"Daler";"34";"Skilling";"6";"";"";"";"";""
"1024325";"2";"Petersborg";"Newyorck";"Skippund";"513 1/10";"Tælle";"Daler";"64";"Skilling";"7";"";"";"";"";""
"1024325";"3";"Petersborg";"Newyorck";"Skippund";"966 2/5";"Hamp";"Daler";"161";"Skilling";"4";"";"";"";"";""
"1024325";"4";"Petersborg";"Newyorck";"Pund";"5783";"Huusblas";"Daler";"7";"Skilling";"12";"";"";"";"";""
"1024325";"5";"Petersborg";"Newyorck";"Stk.";"501";"Ravndug etc.";"Daler";"7 1/2";"Skilling";"16";"";"";"";"";""
"1024325";"6";"Petersborg";"Newyorck";"Rd.";"1818";"Swiinebørster";"Daler";"22 1/2";"Skilling";"11";"";"";"";"";""
"1024343";"1";"Petersborg";"Newyorck i Amc.";"Skippund";"774 9/10";"Stang jern";"Daler";"64 1/2";"Skilling";"4";"";"";"";"";""
"1024343";"2";"Petersborg";"Newyorck i Amc.";"Skippund";"1150 2/5";"Hamp";"Daler";"191 1/2";"Skilling";"12";"";"";"";"";""
"1024343";"3";"Petersborg";"Newyorck i Amc.";"Ruller";"520";"Seildug";"Daler";"40 1/2";"Skilling";"6";"";"";"";"";""
"1024343";"4";"Petersborg";"Newyorck i Amc.";"Stk.";"80";"Ravndug";"Daler";"1";"Skilling";"12";"";"";"";"";""
"1024364";"1";"Memel";"Tønningen";"Stk.";"312";"F. bielker";"Daler";"9 1/2";"Skilling";"12";"";"";"";"";""
"1024364";"2";"Memel";"Tønningen";"Stk.";"947";"Planker";"Daler";"15 1/2";"Skilling";"14";"";"";"";"";""
"1024364";"3";"Memel";"Tønningen";"Skok";"70 1/2";"Staver";"Daler";"1";"Skilling";"5";"";"";"";"";""
"1024364";"4";"Memel";"Tønningen";"Læst.";"2 1/4";"Hørfrøe";"Daler";"1 1/2";"Skilling";"9";"";"";"";"";""
"1024364";"5";"Memel";"Tønningen";"Degger";"125";"Gride skind";"Daler";"1/2";"Skilling";"21";"";"";"";"";""
"1024364";"6";"Memel";"Tønningen";"Degger";"35";"Dukke skind";"Daler";"1";"Skilling";"15";"";"";"";"";""
"1024383";"1";"St. Ubes";"Riga";"Læst.";"126";"Salt";"Daler";"63";"";"";"";"";"";"";""
"1024388";"1";"Tønningen";"Petersborg";"-";"-";"Ballast";"";"";"";"";"";"";"";"";""
"1024397";"1";"Dantzig";"Amsterdam";"Læster";"30";"Hvede";"Daler";"30";"";"";"";"";"";"";""
"1024397";"2";"Dantzig";"Amsterdam";"Stk.";"2920";"Ord. lærrer";"Daler";"45 1/2";"Skilling";"6";"";"";"";"";""
"1024397";"3";"Dantzig";"Amsterdam";"Rd.";"5";"Lastmaatter";"Skilling";"3";"";"";"";"";"";"";""
"1024418";"1";"Stavanger";"Stettin";"-";"-";"Ballast";"";"";"";"";"";"";"";"";""
"1024424";"1";"Tønningen";"Riga";"-";"-";"Ballast";"";"";"";"";"";"";"";"";""
"1024424";"2";"Tønningen";"Riga";"Kister";"65";"Tran";"Daler";"3";"Skilling";"8";"";"";"Skippund";"6 2/3";"Tran augh. 6 2/3 Skippund"
"1024434";"1";"Svinemunde";"Bergen";"Læster";"9";"Rug";"Daler";"5";"Skilling";"12";"";"";"Læst";"10 1/2";"Rug augmt. 10 1/2 læst."
"1024439";"1";"Bordeaux";"Riga";"Oxhd.";"738";"Hogl. wiin";"Daler";"369";"";"";"";"";"";"";""
"1024439";"2";"Bordeaux";"Riga";"Rd.";"975";"Wiin paa boutel.";"Daler";"12";"Skilling";"9";"";"";"";"";""
"1024447";"1";"Svinemunde";"Amsterdam";"Skok";"559 1/4";"Staver";"Daler";"8 1/2";"Skilling";"12";"";"";"";"";""
"1024455";"1";"Petersborg";"Bordeaux";"Skippund";"315";"Stang jern";"Daler";"26";"Skilling";"12";"";"";"";"";""
"1024455";"2";"Petersborg";"Bordeaux";"Skippund";"548 9/10";"Hamp";"Daler";"91 1/2";"";"";"";"";"";"";""
"1024455";"3";"Petersborg";"Bordeaux";"Stk.";"280";"Flamsk lærret etc.";"Daler";"4";"Skilling";"18";"";"";"";"";""
"1024473";"1";"Petersborg";"Marblehead i Amc.";"Skippund";"315";"Stang jern";"Daler";"26";"Skilling";"12";"";"";"";"";""
"1024473";"2";"Petersborg";"Marblehead i Amc.";"Skippund";"504 7/10";"Hamp";"Daler";"84";"Skilling";"6";"";"";"";"";""
"1024473";"3";"Petersborg";"Marblehead i Amc.";"Stk.";"210";"Flamsk lærret etc.";"Daler";"3";"Skilling";"14";"";"";"";"";""
"1024473";"4";"Petersborg";"Marblehead i Amc.";"Stk.";"200";"Dreyl";"Daler";"6";"Skilling";"12";"";"";"";"";""
"1024473";"5";"Petersborg";"Marblehead i Amc.";"Ruller";"130";"Seildug";"Daler";"10";"Skilling";"8";"";"";"";"";""
"1024485";"1";"Petersborg";"Newyorck i Amc.";"Skippund";"504";"Stang jern";"Daler";"42";"";"";"";"";"";"";""
"1024485";"2";"Petersborg";"Newyorck i Amc.";"Skippund";"736 4/5";"Hamp";"Daler";"122 1/2";"Skilling";"15";"";"";"";"";""
"1024485";"3";"Petersborg";"Newyorck i Amc.";"Ruller";"714";"Seildug";"Daler";"55 1/2";"Skilling";"14";"";"";"";"";""
"1024485";"4";"Petersborg";"Newyorck i Amc.";"Stk.";"630";"Ravndug";"Daler";"9 1/2";"Skilling";"17";"";"";"";"";""
"1024492";"1";"Bordeaux";"Petersborg";"Fad";"194 3/4";"Stadswiin";"Daler";"337 1/2";"Skilling";"4";"";"";"";"";""
"1024492";"2";"Bordeaux";"Petersborg";"Rd.";"1200";"Wiin";"Daler";"15";"";"";"";"";"";"";""
"1024504";"1";"Petersborg";"Newyorck i Amc.";"Skippund";"874";"Stang jern";"Daler";"72 1/2";"Skilling";"16";"";"";"";"";""
"1024504";"2";"Petersborg";"Newyorck i Amc.";"Skippund";"844 1/2";"Hamp";"Daler";"140 1/2";"Skilling";"12";"";"";"";"";""
"1024504";"3";"Petersborg";"Newyorck i Amc.";"Stk.";"1400";"Seildug";"Daler";"109";"Skilling";"18";"";"";"";"";""
"1024504";"4";"Petersborg";"Newyorck i Amc.";"Stk.";"1100";"Flamsk lærret etc.";"Daler";"17";"Skilling";"9";"";"";"";"";""
"1024504";"5";"Petersborg";"Newyorck i Amc.";"Stk.";"398";"Dryel";"Daler";"12";"Skilling";"21";"";"";"";"";""
"1024527";"1";"Rostock";"Arendahl";"Læster";"33";"Rug";"Daler";"19 1/2";"Skilling";"15";"";"";"Læster";"39 3/5";"Rug augmt. 39 3/5 læster"
"1024527";"2";"Rostock";"Arendahl";"Læster";"5";"Erter";"Daler";"1";"Skilling";"12";"";"";"";"";""
"1024535";"1";"Kiøbenhavn";"Bordeaux";"Skok";"636";"Staver";"Daler";"9 1/2";"Skilling";"21";"";"";"";"";""
"1024546";"1";"Kønigsberg";"Baltimore i Amc.";"Steen";"1508 3/4";"Jern";"Daler";"12 1/2";"Skilling";"4";"";"";"";"";""
"1024546";"2";"Kønigsberg";"Baltimore i Amc.";"Steen";"3565 1/4";"Hamp";"Daler";"59";"Skilling";"21";"";"";"";"";""
"1024562";"1";"Riga";"Harlingen";"Skippund";"210";"Hamp";"";"";"";"";"";"";"";"";""
"1024562";"2";"Riga";"Harlingen";"Lispund";"14";"Hamp";"";"";"";"";"";"";"";"";""
"1024562";"3";"Riga";"Harlingen";"Pund";"10";"Hamp";"Daler";"35";"Skilling";"6";"";"";"";"";""
"1024562";"4";"Riga";"Harlingen";"Skippund";"255";"Blaar";"";"";"";"";"";"";"";"";""
"1024562";"5";"Riga";"Harlingen";"Lispund";"12";"Blaar";"";"";"";"";"";"";"";"";""
"1024562";"6";"Riga";"Harlingen";"Pund";"10";"Blaar";"Daler";"19";"Skilling";"9";"";"";"";"";""
"1024562";"7";"Riga";"Harlingen";"Skippund";"163";"Pottaske";"";"";"";"";"";"";"";"";""
"1024562";"8";"Riga";"Harlingen";"Lispund";"3";"Pottaske";"";"";"";"";"";"";"";"";""
"1024562";"9";"Riga";"Harlingen";"Pund";"8";"Pottaske";"Daler";"13 1/2";"Skilling";"5";"";"";"";"";""
"1024562";"10";"Riga";"Harlingen";"Tønder";"288";"Hørfrøe";"Daler";"9";"";"";"";"";"";"";""
"1024579";"1";"Riga";"Beverley i Amc.";"Skippund";"1110";"Fiin hør";"";"";"";"";"";"";"";"";""
"1024579";"2";"Riga";"Beverley i Amc.";"Lispund";"13";"Fiin hør";"";"";"";"";"";"";"";"";""
"1024579";"3";"Riga";"Beverley i Amc.";"Pund";"7 1/2";"Fiin hør";"Daler";"277 1/2";"Skilling";"9";"";"";"";"";""
"1024579";"4";"Riga";"Beverley i Amc.";"Skippund";"149";"Stang jern";"";"";"";"";"";"";"";"";""
"1024579";"5";"Riga";"Beverley i Amc.";"Lispund";"13";"Stang jern";"";"";"";"";"";"";"";"";""
"1024579";"6";"Riga";"Beverley i Amc.";"Pund";"7 1/2";"Stang jern";"Daler";"12";"Skilling";"23";"";"";"";"";""
"1024579";"7";"Riga";"Beverley i Amc.";"Skippund";"357";"Tælle";"";"";"";"";"";"";"";"";""
"1024579";"8";"Riga";"Beverley i Amc.";"Lispund";"6";"Tælle";"";"";"";"";"";"";"";"";""
"1024579";"9";"Riga";"Beverley i Amc.";"Pund";"18";"Tælle";"Daler";"44 1/2";"Skilling";"9";"";"";"";"";""
"1024610";"1";"Riga";"Bremen";"Tønder";"1500";"Hørfrør";"Daler";"46 1/2";"Skilling";"18";"";"";"";"";""
"1024617";"1";"Dantzig";"Bordeaux";"Læster";"200";"Hvede";"Daler";"200";"";"";"";"";"";"";""
"1024617";"2";"Dantzig";"Bordeaux";"Skok";"12 5/6";"F. dehler";"Daler";"9 1/2";"Skilling";"6";"";"";"";"";""
"1024617";"3";"Dantzig";"Bordeaux";"Skok";"108";"Staver";"Daler";"1 1/2";"Skilling";"9";"";"";"";"";""
"1024617";"4";"Dantzig";"Bordeaux";"Skippund";"333";"Aske";"Daler";"27 1/2";"Skilling";"12";"";"";"";"";""
"1024617";"5";"Dantzig";"Bordeaux";"Steen";"296";"Fier";"Daler";"3 1/2";"Skilling";"10";"";"";"";"";""
"1024635";"1";"Dantzig";"Amsterdam";"Læster";"291";"Hvede";"Daler";"291";"";"";"";"";"";"";""
"1024635";"2";"Dantzig";"Amsterdam";"Stk.";"3760";"Ord. lærret";"Daler";"58 1/2";"Skilling";"12";"";"";"";"";""
"1024635";"3";"Dantzig";"Amsterdam";"Aattendeler";"405";"Dobbelt øll";"Daler";"3";"Skilling";"8";"";"";"";"";""
"1024635";"4";"Dantzig";"Amsterdam";"Skok";"5 1/2";"F. dehler";"Daler";"4";"Skilling";"6";"";"";"";"";""
"1024656";"1";"Brielle";"Riga";"-";"-";"Ballast";"";"";"";"";"";"";"";"";""
"1024656";"2";"Brielle";"Riga";"Rd.";"150";"Muursteen";"Daler";"1 1/2";"Skilling";"18";"";"";"";"";""
"1024759";"1";"Dantzig";"Amsterdam";"Læster";"100";"Hvede";"Daler";"100";"";"";"";"";"";"";""
"1024759";"2";"Dantzig";"Amsterdam";"Stk.";"420";"F. dehler";"Daler";"5";"Skilling";"12";"";"";"";"";""
"1024759";"3";"Dantzig";"Amsterdam";"Rd.";"25";"Maatter";"Skilling";"15";"";"";"";"";"";"";""
"1024771";"1";"Svinemunde";"Amsterdam";"Stk.";"44";"F. bielker";"Daler";"1";"Skilling";"18";"";"";"";"";""
"1024771";"2";"Svinemunde";"Amsterdam";"Skok";"514 2/3";"Staver";"Daler";"8";"Skilling";"2";"";"";"";"";""
"1024778";"1";"Svinemunde";"Amsterdam";"Læster";"36";"Hvede";"Daler";"42";"";"";"";"";"Læster";"42";"Hvede augmt. 42 læster"
"1024791";"1";"Wismar";"Dramen";"Læst";"61 1/2";"Hvede";"Daler";"76 1/2";"Skilling";"18";"";"";"Læst";"76 7/8";"Hvede augmt. 76 7/8 læst."
"1024806";"1";"Kiøbenhavn";"Bordeaux";"Skok";"248";"Staver";"";"";"";"";"";"";"";"";""
"1024830";"1";"Rotterdam";"Østersøen";"Ladning";"-";"Muursteen";"";"";"";"";"";"";"";"";""
"1024830";"2";"Rotterdam";"Østersøen";"1/2 Anker";"20";"Geneber";"Daler";"3";"Skilling";"6";"";"";"Rd";"250";"Geneber wærd. 250 Dr."
"1024838";"1";"Memel";"Amsterdam";"Tønder";"354";"Hørfrøe";"Daler";"11";"Skilling";"3";"";"";"";"";""
"1024838";"2";"Memel";"Amsterdam";"Stk.";"36";"F. bielker";"Daler";"1";"Skilling";"6";"";"";"";"";""
"1024838";"3";"Memel";"Amsterdam";"Stk.";"564";"Planker";"Daler";"9";"Skilling";"20";"";"";"";"";""
"1024838";"4";"Memel";"Amsterdam";"Stk.";"158";"F. dehler";"Daler";"1 1/2";"Skilling";"23";"";"";"";"";""
"1024838";"5";"Memel";"Amsterdam";"Stk.";"483";"Lægter";"Skilling";"10";"";"";"";"";"";"";""
"1024905";"1";"Kiøbenhavn";"Bordeaux";"Skok";"125";"Staver m. m.";"";"";"";"";"";"";"";"";""
"1024905";"2";"Kiøbenhavn";"Bordeaux";"Skok";"94";"Staver";"Daler";"1";"Skilling";"23";"";"";"";"";""
"1024929";"1";"Philadelphia";"Østersøen";"Pund";"156487";"Riis";"Daler";"146 1/2";"Skilling";"10";"";"";"";"";""
"1024929";"2";"Philadelphia";"Østersøen";"Pund";"176393";"Bomuld";"Daler";"661";"Skilling";"23";"";"";"";"";""
"1024929";"3";"Philadelphia";"Østersøen";"Pund";"93815";"Stokf. holt";"Daler";"73";"Skilling";"15";"";"";"";"";""
"1024949";"1";"Memel";"Amsterdam";"Tønder";"420";"Hørfrøe";"Daler";"13";"Skilling";"6";"";"";"";"";""
"1024949";"2";"Memel";"Amsterdam";"Steen";"312";"Hamp";"Daler";"5";"Skilling";"10";"";"";"";"";""
"1024949";"3";"Memel";"Amsterdam";"Steen";"700";"Hør";"Daler";"11 1/2";"Skilling";"8";"";"";"";"";""
"1024949";"4";"Memel";"Amsterdam";"Steen";"295";"Tælle";"Daler";"3 1/2";"Skilling";"9";"";"";"";"";""
"1024949";"5";"Memel";"Amsterdam";"Skok";"5";"Staver";"Skilling";"4";"";"";"";"";"";"";""
"1024968";"1";"Svinemunde";"Rotterdam";"Skok";"586";"Staver";"Daler";"9";"Skilling";"8";"";"";"";"";""
"1025021";"1";"Riga";"Newyorck i Amc.";"Skippund";"590";"Fiinhør";"";"";"";"";"";"";"";"";""
"1025021";"2";"Riga";"Newyorck i Amc.";"Lispund";"13";"Fiinhør";"Daler";"147 1/2";"Skilling";"8";"";"";"";"";""
"1025021";"3";"Riga";"Newyorck i Amc.";"Skippund";"126";"Pottaske";"";"";"";"";"";"";"";"";""
"1025021";"4";"Riga";"Newyorck i Amc.";"Lispund";"2";"Pottaske";"";"";"";"";"";"";"";"";""
"1025021";"5";"Riga";"Newyorck i Amc.";"Pund";"5";"Pottaske";"Daler";"10 1/2";"Skilling";"1";"";"";"";"";""
"1025021";"6";"Riga";"Newyorck i Amc.";"Skippund";"230";"Tælle";"";"";"";"";"";"";"";"";""
"1025021";"7";"Riga";"Newyorck i Amc.";"Lispund";"19";"Tælle";"";"";"";"";"";"";"";"";""
"1025021";"8";"Riga";"Newyorck i Amc.";"Pund";"7";"Tælle";"Daler";"28 1/2";"Skilling";"18";"";"";"";"";""
"1025068";"1";"Amsterdam";"Riga";"-";"-";"Ballast";"";"";"";"";"";"";"";"";""
"1025068";"2";"Amsterdam";"Riga";"Rd.";"325";"Tagsteen";"Daler";"4";"Skilling";"3";"";"";"";"";""
"1025099";"1";"Gothenborg";"Kønigsberg";"Tønder";"700";"Fr. salt";"Daler";"19";"Skilling";"22";"";"";"";"";""
"1025099";"2";"Gothenborg";"Kønigsberg";"Rd.";"120";"Steentøy etc.";"Daler";"1 1/2";"";"";"";"";"";"";""
"1025155";"1";"Riga";"Amsterdam";"Skippund";"177";"Fiin hør";"";"";"";"";"";"";"";"";""
"1025155";"2";"Riga";"Amsterdam";"Pund";"7";"Fiin hør";"Daler";"44";"Skilling";"16";"";"";"";"";""
"1025155";"3";"Riga";"Amsterdam";"Tønder";"440";"Hørfrøe";"Daler";"13 1/2";"Skilling";"12";"";"";"";"";""
"1038025";"1";"Aalborg";"Petersborg";"-";"-";"Baglast";"";"";"";"";"";"";"";"";""
"1038028";"1";"Rostock";"Christiania";"Læster";"19";"Malt";"Daler";"8 1/2";"Skilling";"3";"";"";"Læster";"22 4/5";"Malt er 22 4/5 læster"
"1038028";"2";"Rostock";"Christiania";"Læster";"10";"Rug";"";"";"";"";"";"";"";"";""
"1038028";"3";"Rostock";"Christiania";"Schefl.";"19";"Rug";"Daler";"6";"Skilling";"6";"";"";"Læster";"12 19/80";"Rug er 12 19/80 læster"
"1038028";"4";"Rostock";"Christiania";"Schefl.";"5";"Erter";"Skilling";"1";"";"";"";"";"";"";""
"1038047";"1";"Riga";"Rotterdam";"Skippund";"112";"Tælle";"";"";"";"";"";"";"";"";""
"1038047";"2";"Riga";"Rotterdam";"Lispund";"4";"Tælle";"";"";"";"";"";"";"";"";""
"1038047";"3";"Riga";"Rotterdam";"Pund";"3";"Tælle";"Daler";"14";"Skilling";"2";"";"";"";"";""
"1038047";"4";"Riga";"Rotterdam";"Skippund";"152";"Hamp";"";"";"";"";"";"";"";"";""
"1038047";"5";"Riga";"Rotterdam";"Lispund";"14";"Hamp";"";"";"";"";"";"";"";"";""
"1038047";"6";"Riga";"Rotterdam";"Pund";"10";"Hamp";"Daler";"25";"Skilling";"22";"";"";"";"";""
"1038047";"7";"Riga";"Rotterdam";"Skippund";"192";"Rakitske hør";"";"";"";"";"";"";"";"";""
"1038047";"8";"Riga";"Rotterdam";"Lispund";"15";"Rakitske hør";"";"";"";"";"";"";"";"";""
"1038047";"9";"Riga";"Rotterdam";"Pund";"10";"Rakitske hør";"Daler";"48";"Skilling";"10";"";"";"";"";""
"1038062";"1";"Gluckstadt";"Riga";"-";"-";"Baglast";"";"";"";"";"";"";"";"";""
"1038068";"1";"Gluckstad";"Riga";"-";"-";"Baglast";"";"";"";"";"";"";"";"";""
"1038072";"1";"Brake";"Riga";"-";"-";"Baglast";"";"";"";"";"";"";"";"";""
"1038075";"1";"Warde";"Riga";"-";"-";"Baglast";"";"";"";"";"";"";"";"";""
"1038077";"1";"Gluckstad";"Riga";"-";"-";"Baglast";"";"";"";"";"";"";"";"";""
"1038085";"1";"Rostock";"Bremen";"Læster";"82 1/2";"Havre";"Daler";"24 1/2";"Skilling";"12";"";"";"Læster";"99";"Havre 99 læster"
"1038091";"1";"Christiansand";"Petersborg";"-";"-";"Baglast";"";"";"";"";"";"";"";"";""
"1038095";"1";"Gottenborg";"Kiøbenhavn";"Fade";"137";"Sukker";"";"";"";"";"";"";"";"";""
"1038095";"2";"Gottenborg";"Kiøbenhavn";"Fade";"78";"Kaffebønnen";"";"";"";"";"";"";"";"";""
"1038095";"3";"Gottenborg";"Kiøbenhavn";"Fustage";"20";"Kaffebønnen";"";"";"";"";"";"";"";"";""
"1038095";"4";"Gottenborg";"Kiøbenhavn";"Sække";"95";"Kaffebønnen";"";"";"";"";"";"";"";"";""
"1038116";"1";"Gluckstad";"Riga";"-";"-";"Baglast";"";"";"";"";"";"";"";"";""
"1038141";"1";"Rostock";"Bergen eller Leer";"Læster";"65";"Rug";"Daler";"39";"";"";"";"";"Læster";"78";"Rug 78 læster"
"1038154";"1";"Rostock";"Bremen eller Leer";"Læster";"40";"Havre";"Daler";"12";"";"";"";"";"Læster";"48";"Havre 48 læster"
"1038154";"2";"Rostock";"Bremen eller Leer";"Læster";"54";"Rug";"Daler";"32";"Skilling";"20";"";"";"Læster";"64 4/5";"Rug 64 4/5 læster"
"1038169";"1";"Rostock";"Bremen eller Leer";"Læster";"75";"Rug";"Daler";"45";"";"";"";"";"Læster";"90";"Rug er 90 læster"
"1038179";"1";"Rostock";"Bergen";"Læster";"13";"Hvede";"Daler";"15 1/2";"Skilling";"5";"";"";"Læster";"15 3/5";"Hvede er 15 3/5 læster"
"1038179";"2";"Rostock";"Bergen";"Læster";"15";"Rug";"Daler";"9";"";"";"";"";"Læster";"18";"Rug er 18 læster"
"1038179";"3";"Rostock";"Bergen";"Læst.";"1";"Erter";"Skilling";"12";"";"";"";"";"";"";""
"1038179";"4";"Rostock";"Bergen";"Læster";"5";"Havre";"Daler";"1 1/2";"";"";"";"";"Læster";"6";"Havre er 6 læster"
"1038194";"1";"Rostock";"Bergen";"Læster";"18";"Havre";"Daler";"5";"Skilling";"20";"";"";"Læster";"21 3/5";"Havre er 21 3/5 læster"
"1038194";"2";"Rostock";"Bergen";"Schefl.";"56";"Hvede";"Daler";"1/2";"Skilling";"10";"";"";"Læster";"7/10";"Hvede er 7/10 læster"
"1038194";"3";"Rostock";"Bergen";"Schefl.";"28";"Erter";"Skilling";"5";"";"";"";"";"Læster";"7/20";"Erter er 7/20 læster"
"1038230";"1";"Kiøbenhavn";"Bourdeaux";"Skok";"302";"Staver af erdit oplagss";"Daler";"4 1/2";"Skilling";"11";"";"";"";"";""
"1038252";"1";"Rostock";"Embden";"Læster";"34 1/2";"Byg";"Daler";"20 1/2";"Skilling";"10";"";"";"Læster";"41 2/5";"Byg er 41 2/5 læster"
"1038252";"2";"Rostock";"Embden";"Læster";"25 1/2";"Havre";"Daler";"7 1/2";"Skilling";"8";"";"";"Læster";"30 3/5";"Havre er 30 3/5 læster"
"1038263";"1";"Rostock";"Bremen";"Læster";"42";"Havre";"Daler";"12 1/2";"Skilling";"5";"";"";"Læster";"50 2/5";"Havre er 50 2/5 læster"
"1038263";"2";"Rostock";"Bremen";"Læster";"52";"Hvede";"Daler";"62";"Skilling";"20";"";"";"Læster";"62 2/5";"Hvede er 62 2/5 læster"
"1038275";"1";"Rostock";"Bremen";"Læster";"66";"Rug";"Daler";"39 1/2";"Skilling";"5";"";"";"Læster";"79 1/5";"Rug er 79 1/5 læster"
"1038275";"2";"Rostock";"Bremen";"Læster";"26";"Havre";"Daler";"7 1/2";"Skilling";"15";"";"";"Læster";"31 1/5";"Havre er 31 1/5 læster"
"1038275";"3";"Rostock";"Bremen";"Læst.";"1";"Erter";"Skilling";"12";"";"";"";"";"";"";""
"1038288";"1";"Rostock";"Bremen";"Læster";"50";"Rug";"Daler";"30";"";"";"";"";"Læster";"60";"Rug 60 læster"
"1038288";"2";"Rostock";"Bremen";"Læster";"56";"Hamp";"Daler";"16 1/2";"Skilling";"15";"";"";"Læster";"67 1/5";"Hamp 67 1/5 læster"
"1038288";"3";"Rostock";"Bremen";"Læster";"4";"Erter";"Daler";"1";"";"";"";"";"";"";""
"1038317";"1";"Rostock";"Bergen";"Læster";"32";"Havre";"Daler";"9 1/2";"Skilling";"5";"";"";"Læster";"38 2/5";"Havre er 38 2/5 læster"
"1038317";"2";"Rostock";"Bergen";"Læster";"2";"Erter";"Daler";"1/2";"";"";"";"";"";"";""
"1038336";"1";"Rostock";"Bremen";"Læster";"58";"Rug";"Daler";"34 1/2";"Skilling";"15";"";"";"Læster";"69 3/5";"Rug er 69 3/5 læster"
"1038336";"2";"Rostock";"Bremen";"Læster";"40 1/2";"Havre";"Daler";"12";"Skilling";"8";"";"";"Læster";"48 3/5";"Havre er 48 3/5 læster"
"1038336";"3";"Rostock";"Bremen";"Læster";"2";"Erter";"Daler";"1/2";"";"";"";"";"";"";""
"1038355";"1";"Rostock";"Bremen";"Læster";"55";"Hvede";"Daler";"66";"";"";"";"";"Læster";"66";"Hvede er 66 læster"
"1038355";"2";"Rostock";"Bremen";"Læster";"27";"Havre";"Daler";"8";"Skilling";"5";"";"";"Læster";"32 2/5";"Havre er 32 2/5 læster"
"1038355";"3";"Rostock";"Bremen";"Læster";"2";"Erter";"Daler";"1/2";"";"";"";"";"";"";""
"1038369";"1";"Rostock";"Arendal";"Læster";"48 1/2";"Rug";"Daler";"29";"Skilling";"5";"";"";"Læster";"58 1/5";"Rug 58 1/5 læster"
"1038369";"2";"Rostock";"Arendal";"Læster";"5";"Erter";"Daler";"1";"Skilling";"12";"";"";"";"";""
"1038378";"1";"Rostock";"Bremen";"Læster";"46";"Rug";"Daler";"27 1/2";"Skilling";"5";"";"";"Læster";"55 1/5";"Rug er 55 1/5 læster"
"1038378";"2";"Rostock";"Bremen";"Læster";"17";"Havre";"";"";"";"";"";"";"";"";""
"1038378";"3";"Rostock";"Bremen";"Schefl.";"20";"Havre";"Daler";"5";"Skilling";"8";"";"";"Læster";"20 13/20";"Havre er 20 13/20 læster"
"1038378";"4";"Rostock";"Bremen";"Læster";"8";"Erter";"Daler";"2";"";"";"";"";"";"";""
"1038390";"1";"Rostock";"Arendal";"Læster";"48 1/2";"Hvede";"Daler";"58";"Skilling";"10";"";"";"Læster";"58 1/5";"Hvede er 58 1/5 læster"
"1038390";"2";"Rostock";"Arendal";"Læster";"20";"Byg";"Daler";"12";"";"";"";"";"Læster";"24";"Byg er 24 læster"
"1038390";"3";"Rostock";"Arendal";"Læster";"5";"Erter";"Daler";"1";"Skilling";"12";"";"";"";"";""
"1038404";"1";"Kiøbenhavn";"Gottenborg";"-";"-";"Baglast";"";"";"";"";"";"";"";"";""
"1038409";"1";"Rostock";"Cristiansand";"Læster";"22";"Hvede";"Daler";"26";"Skilling";"20";"";"";"Læster";"26 2/5";"Hvede er 26 2/5 læster"
"1038409";"2";"Rostock";"Cristiansand";"Læster";"45 1/2";"Byg";"Daler";"27";"Skilling";"15";"";"";"Læster";"54 3/5";"Byg er 54 3/5 læster"
"1038409";"3";"Rostock";"Cristiansand";"Læster";"10";"Rug";"Daler";"6";"";"";"";"";"Læster";"12";"Rug er 12 læster"
"1038409";"4";"Rostock";"Cristiansand";"Læster";"7";"Erter";"Daler";"1 1/2";"Skilling";"12";"";"";"";"";""
"1038423";"1";"Rostock";"Bremen";"Læster";"52";"Hvede";"Daler";"62";"Skilling";"20";"";"";"Læster";"62 2/5";"Hvede er 62 2/5 læster"
"1038437";"1";"Memel";"Amsterdam";"Tønder";"1231";"Hørfrøe";"Daler";"38";"Skilling";"23";"";"";"";"";""
"1038437";"2";"Memel";"Amsterdam";"Fad.";"84";"Tælle";"Daler";"7 1/2";"Skilling";"17";"";"";"Steen";"628";"Tælle er 628 Steen"
"1038437";"3";"Memel";"Amsterdam";"Pakke";"94";"Hamp";"Daler";"39";"Skilling";"19";"";"";"Steen";"2363 1/4";"Hamp er 2363 1/4 Steen"
"1038437";"4";"Memel";"Amsterdam";"Pakker";"71";"Hør";"Daler";"16 1/2";"";"";"";"";"";"";""
"1038437";"5";"Memel";"Amsterdam";"Skock";"101";"Staver";"Daler";"1 1/2";"Skilling";"4";"";"";"";"";""
"1038437";"6";"Memel";"Amsterdam";"Rd.";"60";"Kiøbmandskaber";"Daler";"1/2";"Skilling";"5";"";"";"";"";""
"1038437";"7";"Memel";"Amsterdam";"Cr.";"4";"Hør";"";"";"";"";"";"";"";"";""
"1038437";"8";"Memel";"Amsterdam";"Steen";"990";"Hør";"";"";"";"";"";"";"";"";""
"1038446";"1";"Colberg";"Bergen";"Læster";"19 1/2";"Hvede";"Daler";"26";"";"";"";"";"Læster";"26";"Hvede augm 26 læster"
"1038451";"1";"Ste. Petersborg";"Varel";"Skippund";"252";"Stangjern";"Daler";"21";"";"";"";"";"";"";""
"1038451";"2";"Ste. Petersborg";"Varel";"Skippund";"508 1/5";"Tælle";"Daler";"63 1/2";"Skilling";"2";"";"";"";"";""
"1038451";"3";"Ste. Petersborg";"Varel";"Skippund";"351 4/5";"Fiin hør";"Daler";"87 1/2";"Skilling";"22";"";"";"";"";""
"1038451";"4";"Ste. Petersborg";"Varel";"Skippund";"23 7/10";"Ord. hør";"Daler";"3 1/2";"Skilling";"22";"";"";"";"";""
"1038451";"5";"Ste. Petersborg";"Varel";"Skippund";"309 1/2";"Hamp";"Daler";"51 1/2";"Skilling";"4";"";"";"";"";""
"1038451";"6";"Ste. Petersborg";"Varel";"Ste.";"480";"Flansklerred";"Daler";"7 1/2";"";"";"";"";"";"";""
"1038732";"1";"Finland";"Hull";"Ste";"6264";"Fyre planker og bord";"";"";"";"";"";"";"";"";""
"1038732";"2";"Finland";"Hull";"Fad";"13";"Langer";"Daler";"4 1/2";"Skilling";"10";"";"";"";"";""
"1038732";"3";"Finland";"Hull";"Ste.";"390";"Bord ender";"Skilling";"4";"";"";"";"";"";"";""
"1041175";"1";"Høganæs";"Kiøbenhavn";"Tønder";"190";"Steenkul";"";"";"";"";"";"";"";"";""
"1041228";"1";"Høganæs";"Kiøbenhavn";"Tønder";"200";"Steenkul";"";"";"";"";"";"";"";"";""
"1041236";"1";"Høganæs";"Kiobenhavn";"Tønder";"200";"Steenkul";"";"";"";"";"";"";"";"";""
"1041244";"1";"Høganæs";"Kiøbenhavn";"Tønder";"320";"Steenkul";"";"";"";"";"";"";"";"";""
"1041253";"1";"Høganæs";"Kiøbenhavn";"Tønder";"360";"Steenkul";"";"";"";"";"";"";"";"";""
"1041266";"1";"Høganæs";"Kiøbenhavn";"Tønder";"820";"Steenkull";"";"";"";"";"";"";"";"";""
"1041278";"1";"Høganæs";"Kiøbenhavn";"Tønder";"800";"Steenkul";"";"";"";"";"";"";"";"";""
"1041294";"1";"Høganæs";"Kiøbenhavn";"Tønder";"1040";"Steenkull";"";"";"";"";"";"";"";"";""
"1041302";"1";"Høganæs";"Kiøbenhavn";"Tønder";"640";"Steenkul";"";"";"";"";"";"";"";"";""
"1041309";"1";"Høganæs";"Kiøbenhavn";"Tønder";"220";"Steenkull";"";"";"";"";"";"";"";"";""
"1041324";"1";"Kiøbenhavn";"Høganæs";"-";"-";"Ballast";"";"";"";"";"";"";"";"";""
"1041330";"1";"Kiøbenhavn";"Høganæs";"-";"-";"Ballast";"";"";"";"";"";"";"";"";""
"1043667";"1";"Kiøbenhavn";"Høganæs";"-";"-";"Ballast";"";"";"";"";"";"";"";"";""
"1043691";"1";"Kiøbenhavn";"Høganæs";"-";"-";"Ballast";"";"";"";"";"";"";"";"";""
"1043712";"1";"Kiøbenhavn";"Høganæs";"-";"-";"Ballast";"";"";"";"";"";"";"";"";""
"1043729";"1";"Kiøbenhavn";"Høganæs";"-";"-";"Ballast";"";"";"";"";"";"";"";"";""
"1043738";"1";"Kiøbenhavn";"Høganæs";"-";"-";"Ballast";"";"";"";"";"";"";"";"";""
"1043750";"1";"Kiøbenhavn";"Høganæs";"-";"-";"Ballast";"";"";"";"";"";"";"";"";""
"1043777";"1";"Kiøbenhavn";"Høganæs";"-";"-";"Ballast";"";"";"";"";"";"";"";"";""
"1043792";"1";"Kiøbenhavn";"Høganæs";"-";"-";"Ballast";"";"";"";"";"";"";"";"";""
"1043856";"1";"Stockholm";"London";"-";"242";"Fyrre bielker";"Daler";"7 1/2";"Skilling";"3";"";"";"";"";""
"1043856";"2";"Stockholm";"London";"-";"700";"Stænger jern";"Daler";"8";"Skilling";"16";"";"";"Skippund";"100";"Stænger jern an slanes til 100 Skippund"
"1043984";"1";"Høganæs";"Kiøbenhavn";"Tønder";"200";"Steenkul";"";"";"";"";"";"";"";"";""
"1044009";"1";"Høganæs";"Kiøbenhavn";"Tønder";"220";"Steenkull";"";"";"";"";"";"";"";"";""
"1044031";"1";"Kiøbenhavn";"Høganæs";"-";"-";"Ballast";"";"";"";"";"";"";"";"";""
"1044046";"1";"Kiøbenhavn";"Høganæs";"-";"-";"Ballast";"";"";"";"";"";"";"";"";""
"1044057";"1";"Høganæs";"Kiøbenhavn";"Tønder";"320";"Steenkul";"";"";"";"";"";"";"";"";""
"1044095";"1";"Høganæs";"Kiøbenhavn";"Tønde";"1060";"Steenkul";"";"";"";"";"";"";"";"";""
"1044107";"1";"Høganæs";"Kiøbenhavn";"Tønder";"800";"Steenkul";"";"";"";"";"";"";"";"";""
"1044121";"1";"Høganæs";"Kiøbenhavn";"Tønder";"220";"Steenkul";"";"";"";"";"";"";"";"";""
"1044148";"1";"Høganæs";"Kiøbenhavn";"Tønder";"380";"Steenkul";"";"";"";"";"";"";"";"";""
"1044168";"1";"Høganæs";"Kiøbenhavn";"Tønder";"1060";"Steenkul";"";"";"";"";"";"";"";"";""
"1044185";"1";"Høganæs";"Kiøbenhavn";"Tønder";"820";"Steenkul";"";"";"";"";"";"";"";"";""
"1044199";"1";"Høganæs";"Kiøbenhavn";"Tønder";"660";"Steenkul";"";"";"";"";"";"";"";"";""
"1044279";"1";"Høganæs";"Kiøbenhavn";"Tønder";"820";"Steenkul";"";"";"";"";"";"";"";"";""
"1044297";"1";"Høganæs";"Kiøbenhavn";"Tønder";"1100";"Steenkul";"";"";"";"";"";"";"";"";""
"1044311";"1";"Høganæs";"Kiøbenhavn";"Tønder";"220";"Steenkul";"";"";"";"";"";"";"";"";""
"1044342";"1";"Høganæs";"Kiøbenhavn";"Tønder";"240";"Steenkul";"";"";"";"";"";"";"";"";""
"1044371";"1";"Kiøbenhavn";"Høganæs";"-";"-";"Ballast";"";"";"";"";"";"";"";"";""
"1044399";"1";"Kiøbenhavn";"Høganæs";"-";"-";"Ballast";"";"";"";"";"";"";"";"";""
"1044400";"1";"Kiøbenhavn";"Høganæs";"-";"-";"Ballast";"";"";"";"";"";"";"";"";""
"1044421";"1";"Kiøbenhavn";"Høganæs";"-";"-";"Ballast";"";"";"";"";"";"";"";"";""
"1044440";"1";"Kiøbenhavn";"Høganæs";"-";"-";"Ballast";"";"";"";"";"";"";"";"";""
"1044468";"1";"Kiøbenhavn";"Høganæs";"-";"-";"Ballast";"";"";"";"";"";"";"";"";""
"1044490";"1";"Kiøbenhavn";"Høganæs";"-";"-";"Ballast";"";"";"";"";"";"";"";"";""
"1044505";"1";"Kiøbenhavn";"Høganæs";"-";"-";"Ballast";"";"";"";"";"";"";"";"";""
"1044506";"1";"Kiøbenhavn";"Høganæs";"-";"-";"Ballast";"";"";"";"";"";"";"";"";""
"1044520";"1";"Kiøbenhavn";"Høganæs";"-";"-";"Ballast";"";"";"";"";"";"";"";"";""
"1044537";"1";"Kiøbenhavn";"Høganæs";"-";"-";"Ballast";"";"";"";"";"";"";"";"";""
"1044550";"1";"Kiøbenhavn";"Høganæs";"-";"-";"Ballast";"";"";"";"";"";"";"";"";""
"1044556";"1";"Kiøbenhavn";"Høganæs";"-";"-";"Ballast";"";"";"";"";"";"";"";"";""
"1044571";"1";"Høganæs";"Kiøbenhavn";"Tønder";"340";"Steenkul";"";"";"";"";"";"";"";"";""
"1044576";"1";"Kiøbenhavn";"Høganæs";"-";"-";"Ballast";"";"";"";"";"";"";"";"";""
"1044599";"1";"Kiøbenhavn";"Høganæs";"-";"-";"Ballast";"";"";"";"";"";"";"";"";""
"1044612";"1";"Høganæs";"Kiøbenhavn";"Tønder";"400";"Steenkull";"";"";"";"";"";"";"";"";""
"1044615";"1";"Kiøbenhavn";"Høganæs";"-";"-";"Ballast";"";"";"";"";"";"";"";"";""
"1044632";"1";"Høganæs";"Kiøbenhavn";"Tønder";"600";"Steenkul";"";"";"";"";"";"";"";"";""
"1044638";"1";"Høganæs";"Kiøbenhavn";"Tønder";"800";"Steenkul";"";"";"";"";"";"";"";"";""
"1044654";"1";"Høganæs";"Kiøbenhavn";"Tønder";"1080";"Steenkul";"";"";"";"";"";"";"";"";""
"1044661";"1";"Høganæs";"Kiøbenhavn";"Tønder";"220";"Kull";"";"";"";"";"";"";"";"";""
"1044670";"1";"Høganæs";"Kiøbenhavn";"Tønder";"640";"Steenkul";"";"";"";"";"";"";"";"";""
"1044688";"1";"Høganæs";"Kiøbenhavn";"Tønder";"840";"Steenkul";"";"";"";"";"";"";"";"";""
"1044689";"1";"Kiøbenhavn";"Høganæs";"-";"-";"Ballast";"";"";"";"";"";"";"";"";""
"1044703";"1";"Høganæs";"Kiøbenhavn";"Tønder";"800";"Steenkul";"";"";"";"";"";"";"";"";""
"1044720";"1";"Leverpool";"Gottenborg";"Læster";"282 1/2";"Salt";"Daler";"141";"Skilling";"12";"";"";"";"";""
"1044724";"1";"Høganæs";"Kiøbenhavn";"Tønder";"1500";"Stenkul";"";"";"";"";"";"";"";"";""
"1044761";"1";"Høganæs";"Kiøbenhavn";"Tønder";"820";"Stenkul";"";"";"";"";"";"";"";"";""
"1044769";"1";"Høganæs";"Kiøbenhavn";"Tønder";"220";"Steenkul";"";"";"";"";"";"";"";"";""
"1044786";"1";"Høganæs";"Kiøbenhavn";"Tønder";"1060";"Steenkul";"";"";"";"";"";"";"";"";""
"1044799";"1";"Høganæs";"Kiøbenhavn";"Tønder";"249";"Steenkul";"";"";"";"";"";"";"";"";""
"1044800";"1";"Høganæs";"Kiøbenhavn";"Tønder";"580";"Steenkull";"";"";"";"";"";"";"";"";""
"1044825";"1";"Høganæs";"Kiøbenhavn";"Tønder";"260";"Steenkul";"";"";"";"";"";"";"";"";""
"1044851";"1";"Høganæs";"Kiøbenhavn";"Tønder";"200";"Steenkul";"";"";"";"";"";"";"";"";""
"1044860";"1";"Høganæs";"Kiøbenhavn";"Tønder";"240";"Steenkul";"";"";"";"";"";"";"";"";""
"1044875";"1";"Kiøbenhavn";"Høganæs";"-";"-";"Ballast";"";"";"";"";"";"";"";"";""
"1044889";"1";"Kiøbenhavn";"Høganæs";"-";"-";"Ballast";"";"";"";"";"";"";"";"";""
"1044893";"1";"Kiøbenhavn";"Høganæs";"-";"-";"Ballast";"";"";"";"";"";"";"";"";""
"1044914";"1";"Kiøbenhavn";"Høganæs";"-";"-";"Ballast";"";"";"";"";"";"";"";"";""
"1044957";"1";"Høganæs";"Kiøbenhavn";"Tønder";"300";"Steenkul";"";"";"";"";"";"";"";"";""
"1044986";"1";"Høganæs";"Kiøbenhavn";"Tønder";"400";"Steenkull";"";"";"";"";"";"";"";"";""
"1045016";"1";"Høganæs";"Kiøbenhavn";"Tønder";"400";"Steenkul";"";"";"";"";"";"";"";"";""
"1045035";"1";"Høganæs";"Kiøbenhavn";"Tønder";"480";"Steenkull";"";"";"";"";"";"";"";"";""
"1045038";"1";"Høganæs";"Kiøbenhavn";"Tønder";"220";"Stenkul";"";"";"";"";"";"";"";"";""
"1045069";"1";"Høganæs";"Kiøbenhavn";"Tønder";"260";"Steenkul";"";"";"";"";"";"";"";"";""
"1045086";"1";"Høganæs";"Kiøbenhavn";"Tønder";"400";"Steenkull";"";"";"";"";"";"";"";"";""
"1045094";"1";"Høganæs";"Kiøbenhavn";"Tønder";"260";"Steenkul";"";"";"";"";"";"";"";"";""
"1045112";"1";"Høganæs";"Kiøbenhavn";"Tønder";"360";"Steenkul";"";"";"";"";"";"";"";"";""
"1045116";"1";"Høganæs";"Kiøbenhavn";"Tønder";"260";"Steenkul";"";"";"";"";"";"";"";"";""
"1045124";"1";"Høganæs";"Kiøbenhavn";"Tønder";"200";"Steenkul";"";"";"";"";"";"";"";"";""
"1045125";"1";"Kiøbenhavn";"Høganæs";"-";"-";"Ballast";"";"";"";"";"";"";"";"";""
"1045143";"1";"Kiøbenhavn";"Høganæs";"-";"-";"Ballast";"";"";"";"";"";"";"";"";""
"1045152";"1";"Kiøbenhavn";"Høganæs";"-";"-";"Ballast";"";"";"";"";"";"";"";"";""
"1045154";"1";"Kiøbenhavn";"Høganæs";"-";"-";"Ballast";"";"";"";"";"";"";"";"";""
"1045206";"1";"Kiøbenhavn";"Høganæs";"-";"-";"Ballast";"";"";"";"";"";"";"";"";""
"1045236";"1";"Kiøbenhavn";"Høganæs";"-";"-";"Ballast";"";"";"";"";"";"";"";"";""
"1045251";"1";"Kiøbenhavn";"Høganæs";"-";"-";"Ballast";"";"";"";"";"";"";"";"";""
"1045268";"1";"Kiøbenhavn";"Høganæs";"-";"-";"Ballast";"";"";"";"";"";"";"";"";""
"1045293";"1";"Høganæs";"Kiøbenhavn";"Tønder";"360";"Steenkul";"";"";"";"";"";"";"";"";""
"1045312";"1";"Høganæs";"Kiøbenhavn";"Tønder";"400";"Steenkul";"";"";"";"";"";"";"";"";""
"1045330";"1";"Høganæs";"Kiøbenhavn";"Tønder";"480";"Steenkul";"";"";"";"";"";"";"";"";""
"1045362";"1";"Kiøbenhavn";"Høganæs";"-";"-";"Ballast";"";"";"";"";"";"";"";"";""
"1045375";"1";"Kiøbenhavn";"Høganæs";"-";"-";"Ballast";"";"";"";"";"";"";"";"";""
"1045409";"1";"Kiøbenhavn";"Høganæs";"-";"-";"Ballast";"";"";"";"";"";"";"";"";""
"1045439";"1";"Kiøbenhavn";"Høganæs";"-";"-";"Ballast";"";"";"";"";"";"";"";"";""
"1045471";"1";"Kiøbenhavn";"Høganæs";"-";"-";"Ballast";"";"";"";"";"";"";"";"";""
"1045484";"1";"Kiøbenhavn";"Høganæs";"-";"-";"Ballast";"";"";"";"";"";"";"";"";""
"1045497";"1";"Kiøbenhavn";"Høganæs";"-";"-";"Ballast";"";"";"";"";"";"";"";"";""
"1045503";"1";"Kiøbenhavn";"Høganæs";"-";"-";"Ballast";"";"";"";"";"";"";"";"";""
"1046565";"1";"Kiøbenhavn";"Høganæs";"-";"-";"Ballast";"";"";"";"";"";"";"";"";""
"1046592";"1";"Kiøbenhavn";"Høganæs";"-";"-";"Ballast";"";"";"";"";"";"";"";"";""
"1046603";"1";"Kiøbenhavn";"Høganæs";"-";"-";"Ballast";"";"";"";"";"";"";"";"";""
"1046643";"1";"Kiøbenhavn";"Høganæs";"-";"-";"Ballast";"";"";"";"";"";"";"";"";""
"1046651";"1";"Høganæs";"Kiøbenhavn";"Tønder";"800";"Steenkull";"";"";"";"";"";"";"";"";""
"1046662";"1";"Høganæs";"Kiøbenhavn";"Tønder";"600";"Steenkul";"";"";"";"";"";"";"";"";""
"1046678";"1";"Høganæs";"Kiøbenhavn";"Tønder";"720";"Steenkull";"";"";"";"";"";"";"";"";""
"1046693";"1";"Høganæs";"Kiøbenhavn";"Tønder";"660";"Steenkul";"";"";"";"";"";"";"";"";""
"1046704";"1";"Høganæs";"Kiøbenhavn";"Tønder";"1560";"Stenkul";"";"";"";"";"";"";"";"";""
"1046733";"1";"Høganæs";"Kiøbenhavn";"Tønder";"1100";"Stenkul";"";"";"";"";"";"";"";"";""
"1046742";"1";"Høganæs";"Kiøbenhavn";"Tønder";"840";"Stenkul";"";"";"";"";"";"";"";"";""
"1046761";"1";"Høganæs";"Kiøbenhavn";"Tønder";"820";"Steenkul";"";"";"";"";"";"";"";"";""
"1046771";"1";"Høganæs";"Kiøbenhavn";"Tønder";"1100";"Stenkul";"";"";"";"";"";"";"";"";""
"1046787";"1";"Høganæs";"Kiøbenhavn";"Tønder";"600";"Steenkul";"";"";"";"";"";"";"";"";""
"1046799";"1";"Høganæs";"Kiøbenhavn";"Tønder";"555";"Stenkul";"";"";"";"";"";"";"";"";""
"1047067";"1";"Høganæs";"Kiøbenhavn";"Tønder";"220";"Steenkul";"";"";"";"";"";"";"";"";""
"1047781";"1";"Kiøbenhavn";"Høganæs";"-";"-";"Ballast";"";"";"";"";"";"";"";"";""
"1047804";"1";"Kiøbenhavn";"Høganæs";"-";"-";"Ballast";"";"";"";"";"";"";"";"";""
"1047822";"1";"Leverpool sidst fra Gottenborg";"Reval";"Læster";"314 1/2";"Salt";"Daler";"157";"Skilling";"4";"";"";"";"";""
"1047943";"1";"Riga";"Engeland";"Fustager";"1430";"Hørfrøe a 7 1/3 Skipp";"Daler";"40 1/2";"Skilling";"23";"";"";"Td";"1310 7/8";"Hørfrøe a 7 1/3 Skipp. giør 1310 7/8 Td."
"1047943";"2";"Riga";"Engeland";"Skippund";"11";"Hamp";"";"";"";"";"";"";"";"";""
"1047943";"3";"Riga";"Engeland";"Lispund";"4";"Hamp";"Daler";"1 1/2";"Skilling";"18";"";"";"";"";""
"1047943";"4";"Riga";"Engeland";"Skippund";"24";"Blaar";"";"";"";"";"";"";"";"";""
"1047943";"5";"Riga";"Engeland";"Lispund";"14";"Blaar";"Daler";"1 1/2";"Skilling";"17";"";"";"";"";""
"1047943";"6";"Riga";"Engeland";"-";"30";"Ege bielker";"Daler";"1 1/2";"Skilling";"18";"";"";"";"";""
"1047943";"7";"Riga";"Engeland";"-";"21";"Fyre bord";"";"";"";"";"";"";"";"";"Fyre bord 15 a 30 Fad"
"1047943";"8";"Riga";"Engeland";"-";"11";"Planker";"Skilling";"9";"";"";"";"";"";"";""
"1047943";"9";"Riga";"Engeland";"-";"10";"Skudeplanker";"Skilling";"4";"";"";"";"";"";"";""
"1047943";"10";"Riga";"Engeland";"-";"3";"Planker 19 Fad";"Skilling";"2";"";"";"";"";"";"";"Planker 19 Fad"
"1047943";"11";"Riga";"Engeland";"-";"19";"Aarer";"Skilling";"4";"";"";"";"";"";"";""
"1047943";"12";"Riga";"Engeland";"Ste.";"365";"Spletved";"Skilling";"8";"";"";"";"";"";"";""
"1049257";"1";"Stettin";"Bergen";"Læster";"20";"Rug";"";"";"";"";"";"";"Læster";"23 121/216";"Rug er 23 121/216 læster"
"1049257";"2";"Stettin";"Bergen";"Schefl";"14";"Rug";"Daler";"11 1/2";"Skilling";"14";"";"";"Læster";"23 121/216";"Rug er 23 121/216 læster"
"1049257";"3";"Stettin";"Bergen";"Læster";"12";"Haver";"";"";"";"";"";"";"Læster";"14 203/216";"Haver er 14 203/216 læster"
"1049257";"4";"Stettin";"Bergen";"Schefl";"58";"Haver";"Daler";"3 1/2";"Skilling";"12";"";"";"Læster";"14 203/216";"Haver er 14 203/216 læster"
"1049354";"1";"Gottenborg";"Kiøbenhavn";"Tylter";"20";"6 Alens bræder";"Skilling";"9";"";"";"";"";"";"";""
"1049354";"2";"Gottenborg";"Kiøbenhavn";"Tønder";"149";"Tiære";"Daler";"4 1/2";"Skilling";"8";"";"";"";"";""
"1049354";"3";"Gottenborg";"Kiøbenhavn";"Skippund";"33";"Jern kakkelovne";"";"";"";"";"";"";"";"";""
"1049354";"4";"Gottenborg";"Kiøbenhavn";"Lispund";"8";"Jern kakkelovne";"Daler";"2 1/2";"Skilling";"14";"";"";"";"";""
"1049354";"5";"Gottenborg";"Kiøbenhavn";"Skippund";"154";"Jernplader";"";"";"";"";"";"";"";"";""
"1049354";"6";"Gottenborg";"Kiøbenhavn";"Lispund";"8";"Jernplader";"";"";"";"";"";"";"";"";""
"1049354";"7";"Gottenborg";"Kiøbenhavn";"Pund";"5";"Jernplader";"Daler";"19";"Skilling";"13";"";"";"";"";""
"1049354";"8";"Gottenborg";"Kiøbenhavn";"Skippund";"11";"Søm";"";"";"";"";"";"";"";"";""
"1049354";"9";"Gottenborg";"Kiøbenhavn";"Lispund";"5";"Søm";"";"";"";"";"";"";"";"";""
"1049354";"10";"Gottenborg";"Kiøbenhavn";"Pund";"10";"Søm";"Daler";"2 1/2";"Skilling";"16";"";"";"";"";""
"1049467";"1";"Gottenborg";"Kiøbenhavn";"Skippund";"52";"Jernplader";"Daler";"6 1/2";"";"";"";"";"";"";""
"1049467";"2";"Gottenborg";"Kiøbenhavn";"Tønder";"231";"Tiære";"Daler";"7";"Skilling";"11";"";"";"";"";""
"1049467";"3";"Gottenborg";"Kiøbenhavn";"Skippund";"148";"Stangjern";"";"";"";"";"";"";"";"";""
"1049467";"4";"Gottenborg";"Kiøbenhavn";"Lispund";"4";"Stangjern";"";"";"";"";"";"";"";"";""
"1049467";"5";"Gottenborg";"Kiøbenhavn";"Pund";"5";"Stangjern";"Daler";"12";"Skilling";"17";"";"";"";"";""
"1049467";"6";"Gottenborg";"Kiøbenhavn";"Skippund";"13";"Jernplader";"";"";"";"";"";"";"";"";""
"1049467";"7";"Gottenborg";"Kiøbenhavn";"Lispund";"9";"Jernplader";"Daler";"1 1/2";"Skilling";"9";"";"";"";"";""
"1049467";"8";"Gottenborg";"Kiøbenhavn";"Skippund";"5";"Søm";"";"";"";"";"";"";"";"";""
"1049467";"9";"Gottenborg";"Kiøbenhavn";"Lispund";"9";"Søm";"";"";"";"";"";"";"";"";""
"1049467";"10";"Gottenborg";"Kiøbenhavn";"Pund";"5";"Søm";"Daler";"1";"Skilling";"18";"";"";"";"";""
"1049467";"11";"Gottenborg";"Kiøbenhavn";"Skippund";"40";"Allun";"Daler";"10";"";"";"";"";"";"";""
"1049554";"1";"Høganæs";"Kiøbenhavn";"Tønder";"240";"Steenkul";"";"";"";"";"";"";"";"";""
"1049570";"1";"Høganæs";"Kiøbenhavn";"Tønder";"200";"Steenkul";"";"";"";"";"";"";"";"";""
"1049585";"1";"Høganæs";"Kiøbenhavn";"Tønder";"260";"Steenkul";"";"";"";"";"";"";"";"";""
"1049595";"1";"Høganæs";"Kiøbenhavn";"Tønder";"200";"Steenkul";"";"";"";"";"";"";"";"";""
"1049626";"1";"Høganæs";"Kiøbenhavn";"Tønder";"200";"Steenkul";"";"";"";"";"";"";"";"";""
"1049639";"1";"Kiøbenhavn";"Høganæs";"-";"-";"Ballast";"";"";"";"";"";"";"";"";""
"1049655";"1";"Kiøbenhavn";"Høganæs";"-";"-";"Ballast";"";"";"";"";"";"";"";"";""
"1049663";"1";"Kiøbenhavn";"Høganæs";"-";"-";"Ballast";"";"";"";"";"";"";"";"";""
"1049673";"1";"Kiøbenhavn";"Høganæs";"-";"-";"Ballast";"";"";"";"";"";"";"";"";""
"1049715";"1";"Kiøbenhavn";"Høganæs";"-";"-";"Ballast";"";"";"";"";"";"";"";"";""
"1049728";"1";"Kiøbenhavn";"Høganæs";"-";"-";"Ballast";"";"";"";"";"";"";"";"";""
"1049742";"1";"Kiøbenhavn";"Høganæs";"-";"-";"Ballast";"";"";"";"";"";"";"";"";""
"1049751";"1";"Kiøbenhavn";"Høganæs";"-";"-";"Ballast";"";"";"";"";"";"";"";"";""
"1049759";"1";"Kiøbenhavn";"Høganæs";"-";"-";"Ballast";"";"";"";"";"";"";"";"";""
"1049767";"1";"Kiøbenhavn";"Høganæs";"-";"-";"Ballast";"";"";"";"";"";"";"";"";""
"1049780";"1";"Kiøbenhavn";"Høganæs";"-";"-";"Ballast";"";"";"";"";"";"";"";"";""
"1049794";"1";"Kiøbenhavn";"Høganæs";"-";"-";"Ballast";"";"";"";"";"";"";"";"";""
"1049806";"1";"Kiøbenhavn";"Høganæs";"-";"-";"Ballast";"";"";"";"";"";"";"";"";""
"1049816";"1";"Høganæs";"Kiøbenhavn";"Tønder";"1100";"Steenkul";"";"";"";"";"";"";"";"";""
"1049827";"1";"Høganæs";"Kiøbenhavn";"Tønder";"1100";"Setenkul";"";"";"";"";"";"";"";"";""
"1049841";"1";"Kiøbenhavn";"Gottenborg";"Tønder";"560";"Byg Indenlandsk";"";"";"";"";"";"";"";"";""
"1049881";"1";"Kiøbenhavn";"Gottenborg";"Tønder";"800";"Byg Indenlandsk";"";"";"";"";"";"";"";"";""
"1049897";"1";"Kiøbenhavn";"Gottenborg";"Tønder";"900";"Byg";"";"";"";"";"";"";"";"";""
"1049909";"1";"Gottenborg";"Kiøbenhavn";"Skippund";"200";"Stang jern";"Daler";"16 1/2";"Skilling";"8";"";"";"";"";""
"1049909";"2";"Gottenborg";"Kiøbenhavn";"Pund";"54220";"Tobak etc.";"Daler";"101 1/2";"Skilling";"8";"";"";"";"";""
"1049909";"3";"Gottenborg";"Kiøbenhavn";"Casse";"1";"Vindues glas";"Skilling";"4";"";"";"";"";"";"";""
"1050009";"1";"Swinemunde";"Bergen";"Læster";"10";"Malt";"Daler";"3 1/2";"Skilling";"12";"";"";"";"";""
"1050009";"2";"Swinemunde";"Bergen";"Læster";"17";"Rug";"Daler";"8 1/2";"";"";"";"";"";"";""
"1050009";"3";"Swinemunde";"Bergen";"Læster";"15";"Byg";"Daler";"7 1/2";"";"";"";"";"";"";""
"1050043";"1";"Gottenborg";"Kiøbenhavn";"Pund";"66267";"Sukker";"Daler";"124";"Skilling";"13";"";"";"";"";""
"1050043";"2";"Gottenborg";"Kiøbenhavn";"Pund";"11524";"Caffe";"Daler";"57 1/2";"Skilling";"6";"";"";"";"";""
"1050082";"1";"Gottenborg";"Kiøbenhavn";"Tønder";"750";"Salt";"Daler";"20 1/2";"Skilling";"16";"";"";"";"";""
"1050082";"2";"Gottenborg";"Kiøbenhavn";"Tylter";"13";"Ord. bræder";"Skilling";"6";"";"";"";"";"";"";""
"1050114";"1";"Gottenborg";"Kiøbenhavn";"Pund";"77042";"Sukker";"Daler";"144";"Skilling";"22";"";"";"";"";""
"1050148";"1";"Gottenborg";"Kiøbenhavn";"Lispund";"468";"Jernplader";"Daler";"2 1/2";"Skilling";"21";"";"";"";"";""
"1050148";"2";"Gottenborg";"Kiøbenhavn";"Lispund";"441";"Søm";"Daler";"5 1/2";"Skilling";"1";"";"";"";"";""
"1050148";"3";"Gottenborg";"Kiøbenhavn";"Tønder";"16";"Beeg";"Daler";"1/2";"";"";"";"";"";"";""
"1050148";"4";"Gottenborg";"Kiøbenhavn";"Tylter";"24";"Ord. bræder";"Skilling";"11";"";"";"";"";"";"";""
"1050148";"5";"Gottenborg";"Kiøbenhavn";"Tylt";"1 1/2";"Planker";"Skilling";"15";"";"";"";"";"";"";""
"1050382";"1";"Gribswalde";"Bergen";"Læster";"10";"Hvede";"Daler";"10";"";"";"";"";"";"";""
"1050382";"2";"Gribswalde";"Bergen";"Læster";"16";"Rug";"Daler";"8";"";"";"";"";"";"";""
"1050418";"1";"Swinemunde";"Bergen";"Læster";"31";"Rug";"";"";"";"";"";"";"";"";""
"1050418";"2";"Swinemunde";"Bergen";"Schefl";"40";"Rug";"Daler";"15 1/2";"Skilling";"14";"";"";"";"";""
"1050418";"3";"Swinemunde";"Bergen";"Schefl";"102";"Byg";"Daler";"1/2";"Skilling";"10";"";"";"";"";""
"1050418";"4";"Swinemunde";"Bergen";"Læster";"1";"Erter";"";"";"";"";"";"";"";"";""
"1050418";"5";"Swinemunde";"Bergen";"Schefl";"16";"Erter";"Skilling";"15";"";"";"";"";"";"";""
"1050418";"6";"Swinemunde";"Bergen";"Læster";"6";"Hvede";"";"";"";"";"";"";"";"";""
"1050418";"7";"Swinemunde";"Bergen";"Schefl";"24";"Hvede";"Daler";"6";"Skilling";"16";"";"";"";"";""
"1050418";"8";"Swinemunde";"Bergen";"Læster";"5";"Malt";"";"";"";"";"";"";"";"";""
"1050418";"9";"Swinemunde";"Bergen";"Schefl";"55";"Malt";"Daler";"2";"Skilling";"8";"";"";"";"";""
"1050486";"1";"Kiøbenhavn";"Gottenborg";"Oxhd.";"4";"Kornbrændeviin Indenlandsk";"";"";"";"";"";"";"";"";""
"1050486";"2";"Kiøbenhavn";"Gottenborg";"Kister";"17";"Chinesisk Steentoy";"";"";"";"";"";"";"";"";""
"1050486";"3";"Kiøbenhavn";"Gottenborg";"Rd.";"150";"Apoteker varer";"Daler";"1 1/2";"";"";"";"";"";"";""
"1050578";"1";"Gottenborg";"Kiøbenhavn";"Pund";"68680";"Sukker";"Daler";"128 1/2";"Skilling";"14";"";"";"";"";""
"1050593";"1";"Gottenborg";"Kiøbenhavn";"Pund";"142000";"Sukker";"Daler";"266";"Skilling";"12";"";"";"";"";""
"1050593";"2";"Gottenborg";"Kiøbenhavn";"Pund";"25300";"Caffe";"Daler";"126 1/2";"";"";"";"";"";"";""
"1050593";"3";"Gottenborg";"Kiøbenhavn";"Pund";"36000";"Farvetræ";"Daler";"22 1/2";"";"";"";"";"";"";""
"1050627";"1";"Gottenborg";"Landscrone loset i Sundet";"Tønder";"320";"Steenkul";"";"";"";"";"";"";"";"";""
"1052187";"1";"Gottenborg";"Kiøbenhavn";"Pund";"55166";"Sukker";"Daler";"103";"Skilling";"21";"";"";"";"";""
"1052187";"2";"Gottenborg";"Kiøbenhavn";"Pund";"12982";"Caffe";"Daler";"64 1/2";"Skilling";"20";"";"";"";"";""
"1052207";"1";"Newcastle";"Carlscrone";"Ladning";"-";"Steenkull";"";"";"";"";"";"";"";"";""
"1052236";"1";"Stettin";"Bergen";"Læster";"24";"Rug";"Daler";"12";"";"";"";"";"";"";""
"1052258";"1";"Gottenborg";"Kiøbenhavn";"Pund";"76919";"Sukker";"Daler";"144";"Skilling";"11";"";"";"";"";""
"1052273";"1";"Høganæs";"Kiøbenhavn";"Tønder";"300";"Steenkul";"";"";"";"";"";"";"";"";""
"1052304";"1";"Høganæs";"Kiøbenhavn";"Tønder";"460";"Kull";"";"";"";"";"";"";"";"";""
"1052316";"1";"Gottenborg";"Kiøbenhavn";"Tønder";"1225";"Salt";"Daler";"34";"Skilling";"2";"";"";"";"";""
"1052326";"1";"Gottenborg";"Kiøbenhavn";"Pund";"102850";"Sukker";"Daler";"192 1/2";"Skilling";"17";"";"";"";"";""
"1052344";"1";"Stettin";"Bergen";"Læster";"20";"Havre";"";"";"";"";"";"";"";"";""
"1052344";"2";"Stettin";"Bergen";"Schefl";"58";"Havre";"Daler";"5";"Skilling";"10";"";"";"";"";""
"1052344";"3";"Stettin";"Bergen";"Læster";"8";"Byg og malt";"";"";"";"";"";"";"";"";""
"1052344";"4";"Stettin";"Bergen";"Schefl";"60";"Byg og malt";"Daler";"3";"Skilling";"16";"";"";"";"";""
"1052344";"5";"Stettin";"Bergen";"Læster";"7";"Byg";"Daler";"3 1/2";"";"";"";"";"";"";""
"1052344";"6";"Stettin";"Bergen";"Læster";"2";"Rug";"";"";"";"";"";"";"";"";""
"1052344";"7";"Stettin";"Bergen";"Schefl";"48";"Rug";"Daler";"1";"Skilling";"16";"";"";"";"";""
"1052344";"8";"Stettin";"Bergen";"Oxhd.";"3";"Rinsk viin";"Daler";"3 1/2";"Skilling";"5";"";"";"";"";""
"1052460";"1";"Gottenborg";"Kiøbenhavn";"Tønder";"490";"Salt";"Daler";"13 1/2";"Skilling";"6";"";"";"";"";""
"1052477";"1";"Gottenborg";"Kiøbenhavn";"Skippund";"250";"Stangjern";"Daler";"20 1/2";"Skilling";"16";"";"";"";"";""
"1052477";"2";"Gottenborg";"Kiøbenhavn";"Skippund";"50";"Jernplader";"Daler";"6";"Skilling";"12";"";"";"";"";""
"1052477";"3";"Gottenborg";"Kiøbenhavn";"Pund";"32255";"Bomuld";"Daler";"120 1/2";"Skilling";"22";"";"";"";"";""
"1052477";"4";"Gottenborg";"Kiøbenhavn";"Pund";"35000";"Safran";"Daler";"65 1/2";"Skilling";"6";"";"";"";"";""
"1052522";"1";"Malmøe";"Gottenborg";"Tønder";"40";"Rug";"Daler";"1";"";"";"";"";"";"";""
"1052522";"2";"Malmøe";"Gottenborg";"Tønder";"40";"Erter";"Daler";"1/2";"Skilling";"16";"";"";"";"";""
"1052522";"3";"Malmøe";"Gottenborg";"Tønder";"150";"Malt";"Daler";"2 1/2";"Skilling";"15";"";"";"";"";""
"1052522";"4";"Malmøe";"Gottenborg";"Lispund";"120";"Flask";"Daler";"1/2";"Skilling";"12";"";"";"";"";""
"1052522";"5";"Malmøe";"Gottenborg";"Lispund";"12";"Huede";"";"";"";"";"";"";"";"";""
"1052522";"6";"Malmøe";"Gottenborg";"Pund";"19";"Huede";"Skilling";"4";"";"";"";"";"";"";""
"1052522";"7";"Malmøe";"Gottenborg";"Fierdinger";"5";"Grøn sæbe";"Skilling";"4";"";"";"";"";"";"";""
"1052522";"8";"Malmøe";"Gottenborg";"Kande";"40";"Øll edikke";"Skilling";"1";"";"";"";"";"";"";""
"1052607";"1";"Wolgast";"Amsterdam";"Læster";"78";"Hvede";"Daler";"78";"";"";"";"";"";"";""
"1052607";"2";"Wolgast";"Amsterdam";"Læster";"8";"Erter";"Daler";"2";"";"";"";"";"";"";""
"1052627";"1";"Malmøe";"Gottenborg";"Tønder";"300";"Rug";"Daler";"7 1/2";"";"";"";"";"";"";""
"1052627";"2";"Malmøe";"Gottenborg";"Tønder";"112";"Hvede";"Daler";"5 1/2";"Skilling";"5";"";"";"";"";""
"1052627";"3";"Malmøe";"Gottenborg";"Tønder";"600";"Malt";"Daler";"11";"Skilling";"12";"";"";"";"";""
"1052627";"4";"Malmøe";"Gottenborg";"Pund";"500";"Tobak";"Daler";"1/2";"Skilling";"21";"";"";"";"";""
"1052627";"5";"Malmøe";"Gottenborg";"Pund";"403";"Stivelse";"Skilling";"11";"";"";"";"";"";"";""
"1052627";"6";"Malmøe";"Gottenborg";"Pund";"14 1/2";"Spansk grøn";"Skilling";"2";"";"";"";"";"";"";""
"1052627";"7";"Malmøe";"Gottenborg";"Rd.";"2";"Kiøbmandskaber";"Skilling";"1";"";"";"";"";"";"";""
"1052698";"1";"Wismar";"Bergen";"Læster";"100";"Hvede";"Daler";"100";"";"";"";"";"";"";""
"1052705";"1";"Halmstad";"Kiøbenhavn";"Tønder";"335";"Salt";"Daler";"9";"Skilling";"15";"";"";"";"";""
"1052705";"2";"Halmstad";"Sundet";"Tønder";"65";"Salt";"Daler";"1 1/2";"Skilling";"15";"";"";"";"";""
"1052705";"3";"Halmstad";"Sundet";"Tønder";"10";"Tiære";"Skilling";"15";"";"";"";"";"";"";""
"1052721";"1";"Wismar";"Gottenborg";"Læster";"30";"Hvede";"Daler";"30";"";"";"";"";"";"";""
"1052721";"2";"Wismar";"Gottenborg";"Pund";"1166";"Lammeuld";"Daler";"1/2";"Skilling";"3";"";"";"";"";""
"1052761";"1";"Halmstad";"Landscrona";"Skippund";"100";"Stangjern";"";"";"";"";"";"";"";"";""
"1052761";"2";"Halmstad";"Landscrona";"Lispund";"2";"Stangjern";"";"";"";"";"";"";"";"";""
"1052761";"3";"Halmstad";"Landscrona";"Pund";"6";"Stangjern";"Daler";"8";"Skilling";"17";"";"";"";"";""
"1052761";"4";"Halmstad";"Landscrona";"Tønder";"4";"Tiære";"Skilling";"6";"";"";"";"";"";"";""
"1052761";"5";"Halmstad";"Landscrona";"Lispund";"3";"Harpix";"Skilling";"1";"";"";"";"";"";"";""
"1052761";"6";"Halmstad";"Landscrona";"Stk.";"2";"Spirer som master";"Daler";"1";"";"";"";"";"";"";""
"1052761";"7";"Halmstad";"Landscrona";"Tylter";"16";"Ord. bræder";"Skilling";"7";"";"";"";"";"";"";""
"1052848";"1";"Gottenborg";"Landscrona";"Tønder";"300";"Kull";"";"";"";"";"";"";"";"";""
"1052868";"1";"Kiøbenhavn";"Gottenborg";"Tønder";"1003";"Salt";"";"";"";"";"";"";"";"";""
"1052868";"2";"Kiøbenhavn";"Gottenborg";"Fustager";"16";"Rum";"";"";"";"";"";"";"";"";""
"1052868";"3";"Kiøbenhavn";"Gottenborg";"Baller";"50";"Bomuld";"";"";"";"";"";"";"";"";""
"1052868";"4";"Kiøbenhavn";"Gottenborg";"Kister";"278";"Havanna sukker";"";"";"";"";"";"";"";"";""
"1052993";"1";"Gottenborg";"Wolgast";"Tønder";"200";"Steenkul";"";"";"";"";"";"";"";"";""
"1052993";"2";"Gottenborg";"Wolgast";"Skippund";"50";"Stang jern";"Daler";"4";"Skilling";"8";"";"";"";"";""
"1052993";"3";"Gottenborg";"Wolgast";"Tønder";"158";"Sild";"Daler";"6 1/2";"Skilling";"4";"";"";"";"";""
"1052993";"4";"Gottenborg";"Wolgast";"Ahme";"162";"Tran";"Daler";"10";"Skilling";"6";"";"";"";"";""
"1053025";"1";"Gottenborg";"Østersøen";"Tønder";"850";"Salt";"Daler";"23 1/2";"Skilling";"6";"";"";"";"";""
"1059534";"1";"Gottenborg";"Østersøen";"Tønder";"1400";"Salt";"Daler";"38 1/2";"Skilling";"19";"";"";"";"";""
"1059562";"1";"Gottenborg";"Kiøbenhavn";"Tønder";"2350";"Salt";"Daler";"65";"Skilling";"14";"";"";"";"";""
"1059586";"1";"Gottenborg";"Libau";"Pund";"72000";"Sukker";"Daler";"135";"";"";"";"";"";"";""
"1059604";"1";"Gottenborg";"Landscrone";"Pund";"195000";"Sukker";"Daler";"365 1/2";"Skilling";"6";"";"";"";"";""
"1059604";"2";"Gottenborg";"Landscrone";"Pund";"16800";"Risengryn";"Daler";"15 1/2";"Skilling";"12";"";"";"";"";""
"1059604";"3";"Gottenborg";"Landscrone";"Pund";"5569";"Bomuld";"Daler";"20 1/2";"Skilling";"20";"";"";"";"";""
"1059661";"1";"Gottenborg";"Flensborg";"Tønder";"1100";"Salt";"Daler";"30 1/2";"Skilling";"3";"";"";"";"";""
"1059661";"2";"Gottenborg";"Flensborg";"Tønder";"1";"Saltet flesk";"Skilling";"3";"";"";"";"";"";"";""
"1059697";"1";"Gottenborg";"Flensborg";"Pund";"134500";"Sukker";"Daler";"252";"Skilling";"9";"";"";"";"";""
"1059697";"2";"Gottenborg";"Flensborg";"Pund";"9000";"Risengryn";"Daler";"8";"Skilling";"21";"";"";"";"";""
"1059697";"3";"Gottenborg";"Flensborg";"Pund";"5000";"Kaffe bønner";"Daler";"25";"";"";"";"";"";"";""
"1059697";"4";"Gottenborg";"Flensborg";"Pund";"6500";"Bomuld";"Daler";"24";"Skilling";"18";"";"";"";"";""
