"id_doorvaart";"regel";"naam";"muntsoort1";"bedrag1";"muntsoort2";"bedrag2";"muntsoort3";"bedrag3";"korting";"hulp"
"1016705";"1";"Fyrpenge";"Daler";"2";"";"";"";"";"N";""
"1016742";"1";"Fyrpenge";"Skilling";"18";"";"";"";"";"N";""
"1016757";"1";"Fyrpenge";"Daler";"2";"";"";"";"";"N";""
"1016774";"1";"Fyrpenge";"Daler";"4";"";"";"";"";"N";""
"1016813";"1";"Fyrpenge";"Skilling";"12";"";"";"";"";"N";""
"1016826";"1";"Fyrpenge";"Skilling";"12";"";"";"";"";"N";""
"1016834";"1";"Fyrpenge";"Daler";"1/2";"";"";"";"";"N";""
"1016846";"1";"Fyrpenge";"Daler";"2";"";"";"";"";"N";""
"1016853";"1";"Fyrpenge";"Daler";"2";"";"";"";"";"N";""
"1016857";"1";"Fyrpenge";"Skilling";"12";"";"";"";"";"N";""
"1016873";"1";"Fyrpenge";"Skilling";"12";"";"";"";"";"N";""
"1016878";"1";"Fyrpenge";"Daler";"1";"Skilling";"6";"";"";"N";""
"1016891";"1";"Fyrpenge";"Daler";"1/2";"Skilling";"12";"";"";"N";""
"1016904";"1";"Fyrpenge";"Skilling";"6";"";"";"";"";"N";""
"1016922";"1";"Fyrpenge";"Daler";"1";"";"";"";"";"N";""
"1016930";"1";"Fyrpenge";"Daler";"1";"";"";"";"";"N";""
"1016936";"1";"Fyrpenge";"Daler";"1/2";"Skilling";"12";"";"";"N";""
"1016949";"1";"Fyrpenge";"Skilling";"6";"";"";"";"";"N";""
"1016962";"1";"Fyrpenge";"Skilling";"6";"";"";"";"";"N";""
"1016972";"1";"Fyrpenge";"Daler";"1";"Skilling";"6";"";"";"N";""
"1017005";"1";"Fyrpenge";"Skilling";"6";"";"";"";"";"N";""
"1017017";"1";"Fyrpenge";"Skilling";"6";"";"";"";"";"N";""
"1017032";"1";"Fyrpenge";"Skilling";"6";"";"";"";"";"N";""
"1017041";"1";"Fyrpenge";"Skilling";"6";"";"";"";"";"N";""
"1017053";"1";"Fyrpenge";"Daler";"1";"";"";"";"";"N";""
"1017060";"1";"Fyrpenge";"Daler";"1";"";"";"";"";"N";""
"1017070";"1";"Fyrpenge";"Daler";"2";"";"";"";"";"N";""
"1017075";"1";"Fyrpenge";"Daler";"1/2";"Skilling";"6";"";"";"N";""
"1017080";"1";"Fyrpenge";"Daler";"1";"";"";"";"";"N";""
"1017131";"1";"Fyrpenge";"Daler";"1/2";"Skilling";"12";"";"";"N";""
"1017140";"1";"Fyrpenge";"Daler";"1/2";"Skilling";"12";"";"";"N";""
"1017146";"1";"Fyrpenge";"Daler";"1";"";"";"";"";"N";""
"1017157";"1";"Fyrpenge";"Skilling";"6";"";"";"";"";"N";""
"1017164";"1";"Fyrpenge";"Daler";"1/2";"";"";"";"";"N";""
"1017175";"1";"Fyrpenge";"Skilling";"18";"";"";"";"";"N";""
"1017183";"1";"Fyrpenge";"Daler";"1/2";"";"";"";"";"N";""
"1017191";"1";"Fyrpenge";"Daler";"1";"Skilling";"18";"";"";"N";""
"1017198";"1";"Fyrpenge";"Daler";"1";"";"";"";"";"N";""
"1017209";"1";"Fyrpenge";"Daler";"4";"";"";"";"";"N";""
"1017220";"1";"Fyrpenge";"Daler";"2";"Skilling";"6";"";"";"N";""
"1017227";"1";"Fyrpenge";"Daler";"1/2";"Skilling";"12";"";"";"N";""
"1017237";"1";"Fyrpenge";"Skilling";"6";"";"";"";"";"N";""
"1017254";"1";"Fyrpenge";"Daler";"1 1/2";"Skilling";"6";"";"";"N";""
"1017261";"1";"Fyrpenge";"Daler";"1";"Skilling";"6";"";"";"N";""
"1017267";"1";"Fyrpenge";"Daler";"1/2";"";"";"";"";"N";""
"1017272";"1";"Fyrpenge";"Daler";"1/2";"";"";"";"";"N";""
"1017278";"1";"Fyrpenge";"Daler";"4";"";"";"";"";"N";""
"1017304";"1";"Fyrpenge";"Daler";"4";"";"";"";"";"N";""
"1017418";"1";"Fyrpenge";"Daler";"1";"Skilling";"6";"";"";"N";""
"1017424";"1";"Fyrpenge";"Daler";"1/2";"Skilling";"6";"";"";"N";""
"1017430";"1";"Fyrpenge";"Daler";"1";"";"";"";"";"N";""
"1017437";"1";"Fyrpenge";"Daler";"1 1/2";"Skilling";"18";"";"";"N";""
"1017445";"1";"Fyrpenge";"Daler";"1/2";"Skilling";"12";"";"";"N";""
"1017450";"1";"Fyrpenge";"Daler";"4 1/2";"Skilling";"6";"";"";"N";""
"1017457";"1";"Fyrpenge";"Skilling";"12";"";"";"";"";"N";""
"1017462";"1";"Fyrpenge";"Daler";"1";"Skilling";"12";"";"";"N";""
"1017469";"1";"Fyrpenge";"Daler";"1";"";"";"";"";"N";""
"1017469";"2";"Rostocker gods";"Rosenobel";"1";"Daler";"1/2";"";"";"N";""
"1017482";"1";"Fyrpenge";"Daler";"4";"";"";"";"";"N";""
"1017482";"2";"Rostocker gods";"Rosenobel";"1";"Daler";"1/2";"";"";"N";""
"1017489";"1";"Fyrpenge";"Skilling";"6";"";"";"";"";"N";""
"1023429";"1";"Fyrpenge";"Daler";"4";"";"";"";"";"N";""
"1023429";"2";"Königsberger gods";"Rosenobel";"1";"Daler";"1/2";"";"";"N";"Konigsberger Gods"
"1023461";"1";"Fyrpenge";"Daler";"2";"";"";"";"";"N";""
"1023469";"1";"Fyrpenge";"Daler";"2";"";"";"";"";"N";""
"1023475";"1";"Fyrpenge";"Daler";"2";"";"";"";"";"N";""
"1023479";"1";"Fyrpenge";"Daler";"2";"";"";"";"";"N";""
"1023487";"1";"Fyrpenge";"Daler";"2";"";"";"";"";"N";""
"1023502";"1";"Fyrpenge";"Daler";"2";"";"";"";"";"N";""
"1023509";"1";"Fyrpenge";"Daler";"4";"";"";"";"";"N";""
"1023509";"2";"Ucertif. Skib og Ladning";"Rosenobel";"2";"Daler";"1";"";"";"N";""
"1023526";"1";"Fyrpenge";"Daler";"4";"";"";"";"";"N";""
"1023539";"1";"Fyrpenge";"Daler";"2";"";"";"";"";"N";""
"1023552";"1";"Fyrpenge";"Daler";"4";"";"";"";"";"N";""
"1023561";"1";"Fyrpenge";"Daler";"4";"";"";"";"";"N";""
"1023585";"1";"Fyrpenge";"Daler";"4";"";"";"";"";"N";""
"1023593";"1";"Fyrpenge";"Daler";"4";"";"";"";"";"N";""
"1023608";"1";"Fyrpenge";"Daler";"2";"";"";"";"";"N";""
"1023613";"1";"Fyrpenge";"Daler";"4";"";"";"";"";"N";""
"1023626";"1";"Fyrpenge";"Daler";"4";"";"";"";"";"N";""
"1023635";"1";"Fyrpenge";"Daler";"2";"";"";"";"";"N";""
"1023643";"1";"Fyrpenge";"Daler";"2";"";"";"";"";"N";""
"1023649";"1";"Fyrpenge";"Daler";"2";"";"";"";"";"N";""
"1023653";"1";"Fyrpenge";"Daler";"4";"";"";"";"";"N";""
"1023659";"1";"Fyrpenge";"Daler";"2";"";"";"";"";"N";""
"1023676";"1";"Fyrpenge";"Daler";"2";"";"";"";"";"N";""
"1023684";"1";"Fyrpenge";"Daler";"4";"";"";"";"";"N";""
"1023694";"1";"Fyrpenge";"Daler";"2";"";"";"";"";"N";""
"1023699";"1";"Fyrpenge";"Daler";"2";"";"";"";"";"N";""
"1023701";"1";"Fyrpenge";"Daler";"2";"";"";"";"";"N";""
"1023717";"1";"Fyrpenge";"Daler";"2";"";"";"";"";"N";""
"1023727";"1";"Fyrpenge";"Daler";"4";"";"";"";"";"N";""
"1023741";"1";"Fyrpenge";"Daler";"2";"";"";"";"";"N";""
"1023746";"1";"Fyrpenge";"Daler";"4";"";"";"";"";"N";""
"1023756";"1";"Fyrpenge";"Daler";"4";"";"";"";"";"N";""
"1023770";"1";"Fyrpenge";"Daler";"2";"";"";"";"";"N";""
"1023770";"2";"Ucertif. skib";"Rosenobel";"1";"Daler";"1/2";"";"";"N";""
"1023777";"1";"Fyrpenge";"Daler";"2";"";"";"";"";"N";""
"1023779";"1";"Fyrpenge";"Daler";"4";"";"";"";"";"N";""
"1023794";"1";"Fyrpenge";"Daler";"2";"";"";"";"";"N";""
"1023798";"1";"Fyrpenge";"Daler";"2";"";"";"";"";"N";""
"1023801";"1";"Fyrpenge";"Daler";"2";"";"";"";"";"N";""
"1023806";"1";"Fyrpenge";"Daler";"2";"";"";"";"";"N";""
"1023810";"1";"Fyrpenge";"Daler";"2";"";"";"";"";"N";""
"1023815";"1";"Fyrpenge";"Daler";"2";"";"";"";"";"N";""
"1023817";"1";"Fyrpenge";"Daler";"2";"";"";"";"";"N";""
"1023818";"1";"Fyrpenge";"Daler";"2";"";"";"";"";"N";""
"1023820";"1";"Fyrpenge";"Daler";"2";"";"";"";"";"N";""
"1023825";"1";"Fyrpenge";"Daler";"2";"";"";"";"";"N";""
"1023830";"1";"Fyrpenge";"Daler";"4";"";"";"";"";"N";""
"1023848";"1";"Fyrpenge";"Daler";"4";"";"";"";"";"N";""
"1023860";"1";"Fyrpenge";"Daler";"4";"";"";"";"";"N";""
"1023879";"1";"Fyrpenge";"Daler";"2";"";"";"";"";"N";""
"1023879";"2";"Ucertif. skib";"Rosenobel";"1";"Daler";"1/2";"";"";"N";""
"1023894";"1";"Fyrpenge";"Daler";"2";"";"";"";"";"N";""
"1023901";"1";"Fyrpenge";"Daler";"2";"";"";"";"";"N";""
"1023910";"1";"Fyrpenge";"Daler";"4";"";"";"";"";"N";""
"1023933";"1";"Fyrpenge";"Daler";"4";"";"";"";"";"N";""
"1023946";"1";"Fyrpenge";"Daler";"4";"";"";"";"";"N";""
"1023957";"1";"Fyrpenge";"Daler";"4";"";"";"";"";"N";""
"1023968";"1";"Fyrpenge";"Daler";"4";"";"";"";"";"N";""
"1023968";"2";"Vide folio";"Daler";"1/2";"Skilling";"18";"";"";"N";""
"1023997";"1";"Fyrpenge";"Daler";"2";"";"";"";"";"N";""
"1024001";"1";"Fyrpenge";"Daler";"2";"";"";"";"";"N";""
"1024003";"1";"Fyrpenge";"Daler";"4";"";"";"";"";"N";""
"1024012";"1";"Fyrpenge";"Daler";"4";"";"";"";"";"N";""
"1024157";"1";"Fyrpenge";"Daler";"4";"";"";"";"";"N";""
"1024169";"1";"Fyrpenge";"Daler";"2";"";"";"";"";"N";""
"1024174";"1";"Fyrpenge";"Daler";"4";"";"";"";"";"N";""
"1024180";"1";"Fyrpenge";"Daler";"2";"";"";"";"";"N";""
"1024184";"1";"Fyrpenge";"Daler";"4";"";"";"";"";"N";""
"1024190";"1";"Fyrpenge";"Daler";"4";"";"";"";"";"N";""
"1024190";"2";"Ucertif. Ladning";"Rosenobel";"1";"Daler";"1/2";"";"";"N";""
"1024195";"1";"Fyrpenge";"Daler";"4";"";"";"";"";"N";""
"1024204";"1";"Fyrpenge";"Daler";"2";"";"";"";"";"N";""
"1024209";"1";"Fyrpenge";"Daler";"2";"";"";"";"";"N";""
"1024211";"1";"Fyrpenge";"Daler";"4";"";"";"";"";"N";""
"1024211";"2";"Ucertif. Ladning";"Rosenobel";"1";"Daler";"1/2";"";"";"N";""
"1024278";"1";"Fyrpenge";"Daler";"2";"";"";"";"";"N";""
"1024284";"1";"Fyrpenge";"Daler";"4";"";"";"";"";"N";""
"1024284";"2";"Ucertif. Skib og Ladning";"Rosenobel";"2";"Daler";"1";"";"";"N";""
"1024298";"1";"Fyrpenge";"Daler";"4";"";"";"";"";"N";""
"1024307";"1";"Fyrpenge";"Daler";"4";"";"";"";"";"N";""
"1024325";"1";"Fyrpenge";"Daler";"4";"";"";"";"";"N";""
"1024343";"1";"Fyrpenge";"Daler";"4";"";"";"";"";"N";""
"1024364";"1";"Fyrpenge";"Daler";"4";"";"";"";"";"N";""
"1024364";"2";"Ucertif. Ladning";"Rosenobel";"1";"Daler";"1/2";"";"";"N";""
"1024383";"1";"Fyrpenge";"Daler";"4";"";"";"";"";"N";""
"1024388";"1";"Fyrpenge";"Daler";"2";"";"";"";"";"N";""
"1024397";"1";"Fyrpenge";"Daler";"4";"";"";"";"";"N";""
"1024397";"2";"Ucertif. Ladning";"Rosenobel";"1";"Daler";"1/2";"";"";"N";""
"1024418";"1";"Fyrpenge";"Daler";"2";"";"";"";"";"N";""
"1024424";"1";"Fyrpenge";"Daler";"2";"";"";"";"";"N";""
"1024434";"1";"Fyrpenge";"Daler";"4";"";"";"";"";"N";""
"1024439";"1";"Fyrpenge";"Daler";"4";"";"";"";"";"N";""
"1024447";"1";"Fyrpenge";"Daler";"4";"";"";"";"";"N";""
"1024455";"1";"Fyrpenge";"Daler";"4";"";"";"";"";"N";""
"1024473";"1";"Fyrpenge";"Daler";"4";"";"";"";"";"N";""
"1024485";"1";"Fyrpenge";"Daler";"4";"";"";"";"";"N";""
"1024492";"1";"Fyrpenge";"Daler";"4";"";"";"";"";"N";""
"1024504";"1";"Fyrpenge";"Daler";"4";"";"";"";"";"N";""
"1024527";"1";"Fyrpenge";"Daler";"4";"";"";"";"";"N";""
"1024527";"2";"Ucertif. Skib og Ladning";"Rosenobel";"2";"Daler";"1";"";"";"N";""
"1024535";"1";"Fyrpenge";"Daler";"4";"";"";"";"";"N";""
"1024535";"2";"Ucertif. Skib og Ladning";"Rosenobel";"2";"Daler";"1";"";"";"N";""
"1024546";"1";"Fyrpenge";"Daler";"4";"";"";"";"";"N";""
"1024562";"1";"Fyrpenge";"Daler";"4";"";"";"";"";"N";""
"1024579";"1";"Fyrpenge";"Daler";"4";"";"";"";"";"N";""
"1024610";"1";"Fyrpenge";"Daler";"4";"";"";"";"";"N";""
"1024617";"1";"Fyrpenge";"Daler";"4";"";"";"";"";"N";""
"1024617";"2";"Ucertif. Ladning";"Rosenobel";"1";"Daler";"1/2";"";"";"N";""
"1024635";"1";"Fyrpenge";"Daler";"4";"";"";"";"";"N";""
"1024635";"2";"Ucertif. Ladning";"Rosenobel";"1";"Daler";"1/2";"";"";"N";""
"1024656";"1";"Fyrpenge";"Daler";"2";"";"";"";"";"N";""
"1024759";"1";"Fyrpenge";"Daler";"4";"";"";"";"";"N";""
"1024759";"2";"Ucertif. Ladning";"Rosenobel";"1";"Daler";"1/2";"";"";"N";""
"1024771";"1";"Fyrpenge";"Daler";"4";"";"";"";"";"N";""
"1024778";"1";"Fyrpenge";"Daler";"4";"";"";"";"";"N";""
"1024791";"1";"Fyrpenge";"Daler";"4";"";"";"";"";"N";""
"1024806";"1";"Fyrpenge";"Daler";"4";"";"";"";"";"N";""
"1024806";"2";"Ucertif. Skib og Ladning";"Rosenobel";"2";"Daler";"1";"";"";"N";""
"1024830";"1";"Fyrpenge";"Daler";"2";"";"";"";"";"N";""
"1024838";"1";"Fyrpenge";"Daler";"4";"";"";"";"";"N";""
"1024905";"1";"Fyrpenge";"Daler";"4";"";"";"";"";"N";""
"1024905";"2";"Ucertif. Skib og Ladning";"Rosenobel";"2";"Daler";"1";"";"";"N";""
"1024929";"1";"Fyrpenge";"Daler";"4";"";"";"";"";"N";""
"1024949";"1";"Fyrpenge";"Daler";"4";"";"";"";"";"N";""
"1024968";"1";"Fyrpenge";"Daler";"4";"";"";"";"";"N";""
"1025021";"1";"Fyrpenge";"Daler";"4";"";"";"";"";"N";""
"1025068";"1";"Fyrpenge";"Daler";"2";"";"";"";"";"N";""
"1025099";"1";"Fyrpenge";"Daler";"4";"";"";"";"";"N";""
"1025099";"2";"Ucertif. Ladning";"Rosenobel";"1";"Daler";"1/2";"";"";"N";""
"1025155";"1";"Fyrpenge";"Daler";"4";"";"";"";"";"N";""
"1025155";"2";"Ucertif. Ladning";"Rosenobel";"1";"Daler";"1/2";"";"";"N";""
"1038025";"1";"Fyrpenge";"Daler";"2";"";"";"";"";"N";""
"1038028";"1";"Fyrpenge";"Daler";"4";"";"";"";"";"N";""
"1038028";"2";"Tøndepenge";"Daler";"1/2";"";"";"";"";"N";"Tøndep."
"1038028";"3";"Havnepenge";"Daler";"1/2";"";"";"";"";"N";"Havnep."
"1038028";"4";"Ucertif. Ladning";"Rosenobel";"1";"Daler";"1/2";"";"";"N";"Ucertificeret Ladning"
"1038047";"1";"Fyrpenge";"Daler";"4";"";"";"";"";"N";""
"1038047";"2";"Tøndepenge";"Daler";"1/2";"";"";"";"";"N";""
"1038047";"3";"Havnepenge";"Daler";"1/2";"";"";"";"";"N";"Havnep."
"1038047";"4";"Ucertif. Skib og Ladning";"Rosenobel";"2";"Daler";"1";"";"";"N";"Ucertificeret Skib og Ladning"
"1038062";"1";"Fyrpenge";"Daler";"2";"";"";"";"";"N";""
"1038068";"1";"Fyrpenge";"Daler";"2";"";"";"";"";"N";""
"1038072";"1";"Fyrpenge";"Daler";"2";"";"";"";"";"N";""
"1038075";"1";"Fyrpenge";"Daler";"2";"";"";"";"";"N";""
"1038077";"1";"Fyrpenge";"Daler";"2";"";"";"";"";"N";""
"1038085";"1";"Fyrpenge";"Daler";"4";"";"";"";"";"N";""
"1038085";"2";"Tøndepenge";"Daler";"1/2";"";"";"";"";"N";""
"1038085";"3";"Havnepenge";"Daler";"1/2";"";"";"";"";"N";"Havnep."
"1038085";"4";"Ucertif. Ladning";"Rosenobel";"1";"Daler";"1/2";"";"";"N";"Ucertificeret Ladning"
"1038091";"1";"Fyrpenge";"Daler";"2";"";"";"";"";"N";""
"1038095";"1";"Fyrpenge";"Daler";"4";"";"";"";"";"N";""
"1038095";"2";"Tøndepenge";"Daler";"1/2";"";"";"";"";"N";""
"1038095";"3";"Havnepenge";"Daler";"1/2";"";"";"";"";"N";"Havnep."
"1038095";"4";"Ucertif. Skib og Ladning";"Rosenobel";"2";"Daler";"1";"";"";"N";""
"1038116";"1";"Fyrpenge";"Daler";"2";"";"";"";"";"N";""
"1038141";"1";"Fyrpenge";"Daler";"4";"";"";"";"";"N";""
"1038141";"2";"Tøndepenge";"Daler";"1/2";"";"";"";"";"N";"Tøndep."
"1038141";"3";"Havnepenge";"Daler";"1/2";"";"";"";"";"N";"Havnep."
"1038141";"4";"Ucertif. Ladning";"Rosenobel";"1";"Daler";"1/2";"";"";"N";"Ucertificeret Ladning"
"1038154";"1";"Fyrpenge";"Daler";"4";"";"";"";"";"N";""
"1038154";"2";"Tøndepenge";"Daler";"1/2";"";"";"";"";"N";"Tøndep."
"1038154";"3";"Havnepenge";"Daler";"1/2";"";"";"";"";"N";"Havnep."
"1038154";"4";"Ucertif. Ladning";"Rosenobel";"1";"Daler";"1/2";"";"";"N";"Ucertificeret Ladning"
"1038169";"1";"Fyrpenge";"Daler";"4";"";"";"";"";"N";""
"1038169";"2";"Tøndepenge";"Daler";"1/2";"";"";"";"";"N";"Tøndep."
"1038169";"3";"Havnepenge";"Daler";"1/2";"";"";"";"";"N";"Havnep."
"1038169";"4";"Ucertif. Ladning";"Rosenobel";"1";"Daler";"1/2";"";"";"N";""
"1038179";"1";"Fyrpenge";"Daler";"4";"";"";"";"";"N";""
"1038179";"2";"Tøndepenge";"Daler";"1/2";"";"";"";"";"N";"Tøndep."
"1038179";"3";"Havnepenge";"Daler";"1/2";"";"";"";"";"N";"Havnep."
"1038179";"4";"Ucertif. Ladning";"Rosenobel";"1";"Daler";"1/2";"";"";"N";""
"1038194";"1";"Fyrpenge";"Daler";"4";"";"";"";"";"N";""
"1038194";"2";"Tøndepenge";"Daler";"1/2";"";"";"";"";"N";"Tøndep."
"1038194";"3";"Havnepenge";"Daler";"1/2";"";"";"";"";"N";"Havnep."
"1038194";"4";"Ucertif. Ladning";"Rosenobel";"1";"Daler";"1/2";"";"";"N";"Ucertificeret Ladning"
"1038230";"1";"Fyrpenge";"Daler";"4";"";"";"";"";"N";""
"1038252";"1";"Fyrpenge";"Daler";"4";"";"";"";"";"N";""
"1038252";"2";"Tøndepenge";"Daler";"1/2";"";"";"";"";"N";"Tøndep."
"1038252";"3";"Havnepenge";"Daler";"1/2";"";"";"";"";"N";"Havnep."
"1038252";"4";"Ucertif. Skib og Ladning";"Rosenobel";"2";"Daler";"1";"";"";"N";"Ucertificeret Skib og Ladning"
"1038263";"1";"Fyrpenge";"Daler";"4";"";"";"";"";"N";""
"1038263";"2";"Tøndepenge";"Daler";"1/2";"";"";"";"";"N";"Tøndep."
"1038263";"3";"Havnepenge";"Daler";"1/2";"";"";"";"";"N";"Havnep."
"1038263";"4";"Ucertif. Skib og Ladning";"Rosenobel";"2";"Daler";"1";"";"";"N";"Ucertificeret Skib og Ladning"
"1038275";"1";"Fyrpenge";"Daler";"4";"";"";"";"";"N";""
"1038275";"2";"Tøndepenge";"Daler";"1/2";"";"";"";"";"N";"Tøndep."
"1038275";"3";"Havnepenge";"Daler";"1/2";"";"";"";"";"N";"Havnep."
"1038275";"4";"Ucertif. Skib og Ladning";"Rosenobel";"2";"Daler";"1";"";"";"N";""
"1038288";"1";"Fyrpenge";"Daler";"4";"";"";"";"";"N";""
"1038288";"2";"Tøndepenge";"Daler";"1/2";"";"";"";"";"N";"Tøndep."
"1038288";"3";"Havnepenge";"Daler";"1/2";"";"";"";"";"N";"Havnep."
"1038288";"4";"Ucertif. Skib og Ladning";"Rosenobel";"2";"Daler";"1";"";"";"N";""
"1038317";"1";"Fyrpenge";"Daler";"4";"";"";"";"";"N";""
"1038317";"2";"Tøndepenge";"Daler";"1/2";"";"";"";"";"N";"Tøndep."
"1038317";"3";"Havnepenge";"Daler";"1/2";"";"";"";"";"N";"Havnep."
"1038317";"4";"Ucertif. Skib og Ladning";"Rosenobel";"2";"Daler";"1";"";"";"N";"Ucertificeret Skib og Ladning"
"1038336";"1";"Fyrpenge";"Daler";"4";"";"";"";"";"N";""
"1038336";"2";"Tøndepenge";"Daler";"1/2";"";"";"";"";"N";"Tøndep."
"1038336";"3";"Havnepenge";"Daler";"1/2";"";"";"";"";"N";"Havnep."
"1038336";"4";"Ucertif. Skib og Ladning";"Rosenobel";"2";"Daler";"1";"";"";"N";""
"1038355";"1";"Fyrpenge";"Daler";"4";"";"";"";"";"N";""
"1038355";"2";"Tøndepenge";"Daler";"1/2";"";"";"";"";"N";"Tøndep."
"1038355";"3";"Havnepenge";"Daler";"1/2";"";"";"";"";"N";"Havnep."
"1038355";"4";"Ucertif. Skib og Ladning";"Rosenobel";"2";"Daler";"1";"";"";"N";""
"1038369";"1";"Fyrpenge";"Daler";"4";"";"";"";"";"N";""
"1038369";"2";"Tøndepenge";"Daler";"1/2";"";"";"";"";"N";"Tøndep."
"1038369";"3";"Havnepenge";"Daler";"1/2";"";"";"";"";"N";"Havnep."
"1038369";"4";"Ucertif. Ladning";"Rosenobel";"1";"Daler";"1/2";"";"";"N";"Ucertificeret Ladning"
"1038378";"1";"Fyrpenge";"Daler";"4";"";"";"";"";"N";""
"1038378";"2";"Tøndepenge";"Daler";"1/2";"";"";"";"";"N";"Tøndep."
"1038378";"3";"Havnepenge";"Daler";"1/2";"";"";"";"";"N";"Havnep."
"1038378";"4";"Ucertif. Ladning";"Rosenobel";"1";"Daler";"1/2";"";"";"N";"Ucertificeret Ladning"
"1038390";"1";"Fyrpenge";"Daler";"4";"";"";"";"";"N";""
"1038390";"2";"Tøndepenge";"Daler";"1/2";"";"";"";"";"N";"Tøndep."
"1038390";"3";"Havnepenge";"Daler";"1/2";"";"";"";"";"N";"Havnep."
"1038390";"4";"Ucertif. Ladning";"Rosenobel";"1";"Daler";"1/2";"";"";"N";"Ucertificeret Ladning"
"1038404";"1";"Fyrpenge";"Daler";"2";"";"";"";"";"N";""
"1038404";"2";"Tøndepenge";"Daler";"1/2";"";"";"";"";"N";"Tøndep."
"1038404";"3";"Havnepenge";"Daler";"1/2";"";"";"";"";"N";"Havnep."
"1038409";"1";"Fyrpenge";"Daler";"4";"";"";"";"";"N";""
"1038409";"2";"Tøndepenge";"Daler";"1/2";"";"";"";"";"N";"Tøndep."
"1038409";"3";"Havnepenge";"Daler";"1/2";"";"";"";"";"N";"Havnep."
"1038409";"4";"Ucertif. Ladning";"Rosenobel";"1";"Daler";"1/2";"";"";"N";"Ucertificeret Ladning"
"1038423";"1";"Fyrpenge";"Daler";"4";"";"";"";"";"N";""
"1038423";"2";"Tøndepenge";"Daler";"1/2";"";"";"";"";"N";"Tøndep."
"1038423";"3";"Havnepenge";"Daler";"1/2";"";"";"";"";"N";"Havnep."
"1038423";"4";"Ucertif. Ladning";"Rosenobel";"1";"Daler";"1/2";"";"";"N";"Ucertificeret Ladning"
"1038437";"1";"Fyrpenge";"Daler";"4";"";"";"";"";"N";""
"1038446";"1";"Fyrpenge";"Daler";"2";"";"";"";"";"N";""
"1038446";"2";"Tøndepenge";"Daler";"1/2";"";"";"";"";"N";"Tøndep."
"1038451";"1";"Fyrpenge";"Daler";"4";"";"";"";"";"N";""
"1038732";"1";"Fyrpenge";"Daler";"4";"";"";"";"";"N";""
"1041175";"1";"Fyrpenge";"Daler";"1";"";"";"";"";"N";""
"1041228";"1";"Fyrpenge";"Daler";"1";"";"";"";"";"N";""
"1041236";"1";"Fyrpenge";"Daler";"1";"";"";"";"";"N";""
"1041244";"1";"Fyrpenge";"Daler";"2";"";"";"";"";"N";""
"1041253";"1";"Fyrpenge";"Daler";"2";"";"";"";"";"N";""
"1041266";"1";"Fyrpenge";"Daler";"4";"";"";"";"";"N";""
"1041278";"1";"Fyrpenge";"Daler";"4";"";"";"";"";"N";""
"1041294";"1";"Fyrpenge";"Daler";"4";"";"";"";"";"N";""
"1041302";"1";"Fyrpenge";"Daler";"4";"";"";"";"";"N";""
"1041309";"1";"Fyrpenge";"Skilling";"18";"";"";"";"";"N";""
"1041324";"1";"Fyrpenge";"Daler";"1";"";"";"";"";"N";""
"1041330";"1";"Fyrpenge";"Daler";"1";"";"";"";"";"N";""
"1043667";"1";"Fyrpenge";"Daler";"1";"";"";"";"";"N";""
"1043691";"1";"Fyrpenge";"Daler";"2";"";"";"";"";"N";""
"1043712";"1";"Fyrpenge";"Daler";"2";"";"";"";"";"N";""
"1043729";"1";"Fyrpenge";"Daler";"2";"";"";"";"";"N";""
"1043738";"1";"Fyrpenge";"Daler";"2";"";"";"";"";"N";""
"1043750";"1";"Fyrpenge";"Daler";"2";"";"";"";"";"N";""
"1043777";"1";"Fyrpenge";"Daler";"2";"";"";"";"";"N";""
"1043792";"1";"Fyrpenge";"Skilling";"18";"";"";"";"";"N";""
"1043856";"1";"Fyrpenge";"Daler";"4";"";"";"";"";"N";""
"1043984";"1";"Fyrpenge";"Daler";"1";"";"";"";"";"N";""
"1044009";"1";"Fyrpenge";"Daler";"1";"";"";"";"";"N";""
"1044031";"1";"Fyrpenge";"Daler";"2";"";"";"";"";"N";""
"1044046";"1";"Fyrpenge";"Daler";"2";"";"";"";"";"N";""
"1044057";"1";"Fyrpenge";"Daler";"2";"";"";"";"";"N";""
"1044095";"1";"Fyrpenge";"Daler";"4";"";"";"";"";"N";""
"1044107";"1";"Fyrpenge";"Daler";"4";"";"";"";"";"N";""
"1044121";"1";"Fyrpenge";"Skilling";"18";"";"";"";"";"N";""
"1044148";"1";"Fyrpenge";"Daler";"2";"";"";"";"";"N";""
"1044168";"1";"Fyrpenge";"Daler";"4";"";"";"";"";"N";""
"1044185";"1";"Fyrpenge";"Daler";"4";"";"";"";"";"N";""
"1044199";"1";"Fyrpenge";"Daler";"4";"";"";"";"";"N";""
"1044279";"1";"Fyrpenge";"Daler";"4";"";"";"";"";"N";""
"1044297";"1";"Fyrpenge";"Daler";"4";"";"";"";"";"N";""
"1044311";"1";"Fyrpenge";"Daler";"1";"";"";"";"";"N";""
"1044342";"1";"Fyrpenge";"Daler";"1";"";"";"";"";"N";""
"1044371";"1";"Fyrpenge";"Daler";"1";"";"";"";"";"N";""
"1044399";"1";"Fyrpenge";"Daler";"1";"";"";"";"";"N";""
"1044400";"1";"Fyrpenge";"Daler";"2";"";"";"";"";"N";""
"1044421";"1";"Fyrpenge";"Daler";"2";"";"";"";"";"N";""
"1044440";"1";"Fyrpenge";"Daler";"2";"";"";"";"";"N";""
"1044468";"1";"Fyrpenge";"Daler";"2";"";"";"";"";"N";""
"1044490";"1";"Fyrpenge";"Daler";"2";"";"";"";"";"N";""
"1044505";"1";"Fyrpenge";"Daler";"2";"";"";"";"";"N";""
"1044506";"1";"Fyrpenge";"Daler";"2";"";"";"";"";"N";""
"1044520";"1";"Fyrpenge";"Daler";"2";"";"";"";"";"N";""
"1044537";"1";"Fyrpenge";"Daler";"2";"";"";"";"";"N";""
"1044550";"1";"Fyrpenge";"Daler";"2";"";"";"";"";"N";""
"1044556";"1";"Fyrpenge";"Daler";"2";"";"";"";"";"N";""
"1044571";"1";"Fyrpenge";"Daler";"2";"";"";"";"";"N";""
"1044576";"1";"Fyrpenge";"Daler";"2";"";"";"";"";"N";""
"1044599";"1";"Fyrpenge";"Daler";"2";"";"";"";"";"N";""
"1044612";"1";"Fyrpenge";"Daler";"2";"";"";"";"";"N";""
"1044615";"1";"Fyrpenge";"Daler";"2";"";"";"";"";"N";""
"1044632";"1";"Fyrpenge";"Daler";"4";"";"";"";"";"N";""
"1044638";"1";"Fyrpenge";"Daler";"4";"";"";"";"";"N";""
"1044654";"1";"Fyrpenge";"Daler";"4";"";"";"";"";"N";""
"1044661";"1";"Fyrpenge";"Skilling";"18";"";"";"";"";"N";""
"1044670";"1";"Fyrpenge";"Daler";"4";"";"";"";"";"N";""
"1044688";"1";"Fyrpenge";"Daler";"4";"";"";"";"";"N";""
"1044689";"1";"Fyrpenge";"Skilling";"18";"";"";"";"";"N";""
"1044703";"1";"Fyrpenge";"Daler";"4";"";"";"";"";"N";""
"1044720";"1";"Fyrpenge";"Daler";"4";"";"";"";"";"N";""
"1044724";"1";"Fyrpenge";"Daler";"4";"";"";"";"";"N";""
"1044761";"1";"Fyrpenge";"Daler";"4";"";"";"";"";"N";""
"1044769";"1";"Fyrpenge";"Daler";"1";"";"";"";"";"N";""
"1044786";"1";"Fyrpenge";"Daler";"4";"";"";"";"";"N";""
"1044799";"1";"Fyrpenge";"Daler";"1";"";"";"";"";"N";""
"1044800";"1";"Fyrpenge";"Daler";"4";"";"";"";"";"N";""
"1044825";"1";"Fyrpenge";"Daler";"1";"";"";"";"";"N";""
"1044851";"1";"Fyrpenge";"Daler";"1";"";"";"";"";"N";""
"1044860";"1";"Fyrpenge";"Skilling";"18";"";"";"";"";"N";""
"1044875";"1";"Fyrpenge";"Daler";"1";"";"";"";"";"N";""
"1044889";"1";"Fyrpenge";"Skilling";"18";"";"";"";"";"N";""
"1044893";"1";"Fyrpenge";"Daler";"1";"";"";"";"";"N";""
"1044914";"1";"Fyrpenge";"Daler";"1";"";"";"";"";"N";""
"1044957";"1";"Fyrpenge";"Daler";"1";"";"";"";"";"N";""
"1044986";"1";"Fyrpenge";"Daler";"2";"";"";"";"";"N";""
"1045016";"1";"Fyrpenge";"Daler";"2";"";"";"";"";"N";""
"1045035";"1";"Fyrpenge";"Daler";"2";"";"";"";"";"N";""
"1045038";"1";"Fyrpenge";"Daler";"1";"";"";"";"";"N";""
"1045069";"1";"Fyrpenge";"Daler";"1";"";"";"";"";"N";""
"1045086";"1";"Fyrpenge";"Daler";"2";"";"";"";"";"N";""
"1045094";"1";"Fyrpenge";"Daler";"1";"";"";"";"";"N";""
"1045112";"1";"Fyrpenge";"Daler";"2";"";"";"";"";"N";""
"1045116";"1";"Fyrpenge";"Daler";"1";"";"";"";"";"N";""
"1045124";"1";"Fyrpenge";"Daler";"1";"";"";"";"";"N";""
"1045125";"1";"Fyrpenge";"Daler";"2";"";"";"";"";"N";""
"1045143";"1";"Fyrpenge";"Daler";"1";"";"";"";"";"N";""
"1045152";"1";"Fyrpenge";"Daler";"2";"";"";"";"";"N";""
"1045154";"1";"Fyrpenge";"Daler";"1";"";"";"";"";"N";""
"1045206";"1";"Fyrpenge";"Daler";"1";"";"";"";"";"N";""
"1045236";"1";"Fyrpenge";"Daler";"1";"";"";"";"";"N";""
"1045251";"1";"Fyrpenge";"Daler";"1";"";"";"";"";"N";""
"1045268";"1";"Fyrpenge";"Daler";"1";"";"";"";"";"N";""
"1045293";"1";"Fyrpenge";"Daler";"2";"";"";"";"";"N";""
"1045312";"1";"Fyrpenge";"Daler";"2";"";"";"";"";"N";""
"1045330";"1";"Fyrpenge";"Daler";"2";"";"";"";"";"N";""
"1045362";"1";"Fyrpenge";"Daler";"2";"";"";"";"";"N";""
"1045375";"1";"Fyrpenge";"Daler";"2";"";"";"";"";"N";""
"1045409";"1";"Fyrpenge";"Daler";"2";"";"";"";"";"N";""
"1045439";"1";"Fyrpenge";"Daler";"2";"";"";"";"";"N";""
"1045471";"1";"Fyrpenge";"Daler";"2";"";"";"";"";"N";""
"1045484";"1";"Fyrpenge";"Daler";"2";"";"";"";"";"N";""
"1045497";"1";"Fyrpenge";"Daler";"2";"";"";"";"";"N";""
"1045503";"1";"Fyrpenge";"Daler";"2";"";"";"";"";"N";""
"1046565";"1";"Fyrpenge";"Daler";"2";"";"";"";"";"N";""
"1046592";"1";"Fyrpenge";"Daler";"2";"";"";"";"";"N";""
"1046603";"1";"Fyrpenge";"Daler";"2";"";"";"";"";"N";""
"1046643";"1";"Fyrpenge";"Daler";"2";"";"";"";"";"N";""
"1046651";"1";"Fyrpenge";"Daler";"4";"";"";"";"";"N";""
"1046662";"1";"Fyrpenge";"Daler";"4";"";"";"";"";"N";""
"1046678";"1";"Fyrpenge";"Daler";"4";"";"";"";"";"N";""
"1046693";"1";"Fyrpenge";"Daler";"4";"";"";"";"";"N";""
"1046704";"1";"Fyrpenge";"Daler";"4";"";"";"";"";"N";""
"1046733";"1";"Fyrpenge";"Daler";"4";"";"";"";"";"N";""
"1046742";"1";"Fyrpenge";"Daler";"4";"";"";"";"";"N";""
"1046761";"1";"Fyrpenge";"Daler";"4";"";"";"";"";"N";""
"1046771";"1";"Fyrpenge";"Daler";"4";"";"";"";"";"N";""
"1046787";"1";"Fyrpenge";"Daler";"4";"";"";"";"";"N";""
"1046799";"1";"Fyrpenge";"Daler";"4";"";"";"";"";"N";""
"1047067";"1";"Fyrpenge";"Skilling";"18";"";"";"";"";"N";""
"1047781";"1";"Fyrpenge";"Skilling";"18";"";"";"";"";"N";""
"1047804";"1";"Fyrpenge";"Skilling";"18";"";"";"";"";"N";""
"1047822";"1";"Fyrpenge";"Daler";"4";"";"";"";"";"N";""
"1047943";"1";"Fyrpenge";"Daler";"4";"";"";"";"";"N";""
"1049257";"1";"Fyrpenge";"Daler";"4";"";"";"";"";"N";""
"1049354";"1";"Fyrpenge";"Daler";"2";"";"";"";"";"N";""
"1049467";"1";"Fyrpenge";"Daler";"4";"";"";"";"";"N";""
"1049554";"1";"Fyrpenge";"Daler";"1";"";"";"";"";"N";""
"1049570";"1";"Fyrpenge";"Daler";"1";"";"";"";"";"N";""
"1049585";"1";"Fyrpenge";"Daler";"1";"";"";"";"";"N";""
"1049595";"1";"Fyrpenge";"Daler";"1";"";"";"";"";"N";""
"1049626";"1";"Fyrpenge";"Daler";"1";"";"";"";"";"N";""
"1049639";"1";"Fyrpenge";"Daler";"1";"";"";"";"";"N";""
"1049655";"1";"Fyrpenge";"Daler";"1";"";"";"";"";"N";""
"1049663";"1";"Fyrpenge";"Daler";"1";"";"";"";"";"N";""
"1049673";"1";"Fyrpenge";"Daler";"1";"";"";"";"";"N";""
"1049715";"1";"Fyrpenge";"Daler";"1";"";"";"";"";"N";""
"1049728";"1";"Fyrpenge";"Daler";"1";"";"";"";"";"N";""
"1049742";"1";"Fyrpenge";"Daler";"1";"";"";"";"";"N";""
"1049751";"1";"Fyrpenge";"Daler";"2";"";"";"";"";"N";""
"1049759";"1";"Fyrpenge";"Daler";"2";"";"";"";"";"N";""
"1049767";"1";"Fyrpenge";"Daler";"2";"";"";"";"";"N";""
"1049780";"1";"Fyrpenge";"Daler";"2";"";"";"";"";"N";""
"1049794";"1";"Fyrpenge";"Daler";"2";"";"";"";"";"N";""
"1049806";"1";"Fyrpenge";"Daler";"2";"";"";"";"";"N";""
"1049816";"1";"Fyrpenge";"Daler";"4";"";"";"";"";"N";""
"1049827";"1";"Fyrpenge";"Daler";"4";"";"";"";"";"N";""
"1049841";"1";"Fyrpenge";"Daler";"2";"";"";"";"";"N";""
"1049881";"1";"Fyrpenge";"Daler";"4";"";"";"";"";"N";""
"1049897";"1";"Fyrpenge";"Daler";"4";"";"";"";"";"N";""
"1049909";"1";"Fyrpenge";"Daler";"4";"";"";"";"";"N";""
"1050009";"1";"Fyrpenge";"Daler";"4";"";"";"";"";"N";""
"1050043";"1";"Fyrpenge";"Daler";"4";"";"";"";"";"N";""
"1050082";"1";"Fyrpenge";"Daler";"4";"";"";"";"";"N";""
"1050114";"1";"Fyrpenge";"Daler";"4";"";"";"";"";"N";""
"1050148";"1";"Fyrpenge";"Skilling";"16";"";"";"";"";"N";""
"1050382";"1";"Fyrpenge";"Daler";"4";"";"";"";"";"N";""
"1050418";"1";"Fyrpenge";"Daler";"4";"";"";"";"";"N";""
"1050486";"1";"Fyrpenge";"Skilling";"16";"";"";"";"";"N";""
"1050578";"1";"Fyrpenge";"Daler";"4";"";"";"";"";"N";""
"1050593";"1";"Fyrpenge";"Daler";"4";"";"";"";"";"N";""
"1050627";"1";"Fyrpenge";"Daler";"4";"";"";"";"";"N";""
"1052187";"1";"Fyrpenge";"Daler";"4";"";"";"";"";"N";""
"1052207";"1";"Fyrpenge";"Daler";"4";"";"";"";"";"N";""
"1052236";"1";"Fyrpenge";"Daler";"4";"";"";"";"";"N";""
"1052258";"1";"Fyrpenge";"Daler";"4";"";"";"";"";"N";""
"1052273";"1";"Fyrpenge";"Daler";"1";"";"";"";"";"N";""
"1052304";"1";"Fyrpenge";"Daler";"2";"";"";"";"";"N";""
"1052316";"1";"Fyrpenge";"Daler";"4";"";"";"";"";"N";""
"1052326";"1";"Fyrpenge";"Daler";"4";"";"";"";"";"N";""
"1052344";"1";"Fyrpenge";"Daler";"4";"";"";"";"";"N";""
"1052460";"1";"Fyrpenge";"Daler";"4";"";"";"";"";"N";""
"1052477";"1";"Fyrpenge";"Daler";"4";"";"";"";"";"N";""
"1052522";"1";"Fyrpenge";"Daler";"2";"";"";"";"";"N";""
"1052607";"1";"Fyrpenge";"Daler";"4";"";"";"";"";"N";""
"1052627";"1";"Fyrpenge";"Daler";"4";"";"";"";"";"N";""
"1052698";"1";"Fyrpenge";"Daler";"4";"";"";"";"";"N";""
"1052705";"1";"Fyrpenge";"Daler";"2";"";"";"";"";"N";""
"1052721";"1";"Fyrpenge";"Daler";"4";"";"";"";"";"N";""
"1052761";"1";"Fyrpenge";"Daler";"1";"";"";"";"";"N";""
"1052848";"1";"Fyrpenge";"Daler";"2";"";"";"";"";"N";""
"1052868";"1";"Fyrpenge";"Daler";"4";"";"";"";"";"N";""
"1052993";"1";"Fyrpenge";"Daler";"4";"";"";"";"";"N";""
"1053025";"1";"Fyrpenge";"Daler";"4";"";"";"";"";"N";""
"1059534";"1";"Fyrpenge";"Daler";"4";"";"";"";"";"N";""
"1059562";"1";"Fyrpenge";"Daler";"4";"";"";"";"";"N";""
"1059586";"1";"Fyrpenge";"Daler";"4";"";"";"";"";"N";""
"1059604";"1";"Fyrpenge";"Daler";"4";"";"";"";"";"N";""
"1059661";"1";"Fyrpenge";"Daler";"4";"";"";"";"";"N";""
"1059697";"1";"Fyrpenge";"Daler";"4";"";"";"";"";"N";""
